Address,City,State,Zip_code,File Date,Neighborhood,Lat_long
500 Block of 17th  Avenue,San Francisco,CA,94121,11/02/2000,Outer Richmond,"(37.777620201889, -122.476025856645)"
500 Block of 17th  Avenue,San Francisco,CA,94121,11/02/2000,Outer Richmond,"(37.777620201889, -122.476025856645)"
500 Block of 17th  Avenue,San Francisco,CA,94121,11/02/2000,Outer Richmond,"(37.777620201889, -122.476025856645)"
1500 Block of Willard  Street,San Francisco,CA,94117,11/01/2000,Inner Sunset,"(37.7622874744176, -122.453810288708)"
600 Block of Pennsylvania  Avenue,San Francisco,CA,94107,10/20/2000,Potrero Hill,"(37.758922223701, -122.393312667684)"
300 Block of Moultrie  Street,San Francisco,CA,94110,10/20/2000,Bernal Heights,"(37.739707832515, -122.415912715919)"
300 Block of Moultrie  Street,San Francisco,CA,94110,10/20/2000,Bernal Heights,"(37.739707832515, -122.415912715919)"
300 Block of Moultrie  Street,San Francisco,CA,94110,10/20/2000,Bernal Heights,"(37.739707832515, -122.415912715919)"
3000 Block of Washington  Street,San Francisco,CA,94115,10/17/2000,Pacific Heights,"(37.7903787789733, -122.443466217104)"
3000 Block of Washington  Street,San Francisco,CA,94115,10/17/2000,Pacific Heights,"(37.7903787789733, -122.443466217104)"
3000 Block of Washington  Street,San Francisco,CA,94115,10/17/2000,Pacific Heights,"(37.7903787789733, -122.443466217104)"
3000 Block of Washington  Street,San Francisco,CA,94115,10/17/2000,Pacific Heights,"(37.7903787789733, -122.443466217104)"
3000 Block of Washington  Street,San Francisco,CA,94115,10/17/2000,Pacific Heights,"(37.7903787789733, -122.443466217104)"
1600 Block of Noe  Street,San Francisco,CA,94110,09/29/2000,Noe Valley,"(37.743035049398, -122.430992370182)"
1600 Block of Noe  Street,San Francisco,CA,94110,09/29/2000,Noe Valley,"(37.743035049398, -122.430992370182)"
600 Block of Shotwell  Street,San Francisco,CA,94110,09/29/2000,Mission,"(37.7580354884862, -122.415633764587)"
1600 Block of Noe  Street,San Francisco,CA,94110,09/29/2000,Noe Valley,"(37.743035049398, -122.430992370182)"
1600 Block of Noe  Street,San Francisco,CA,94110,09/29/2000,Noe Valley,"(37.743035049398, -122.430992370182)"
1600 Block of Noe  Street,San Francisco,CA,94110,09/29/2000,Noe Valley,"(37.743035049398, -122.430992370182)"
1600 Block of Noe  Street,San Francisco,CA,94110,09/29/2000,Noe Valley,"(37.743035049398, -122.430992370182)"
200 Block of Connecticut  Street,San Francisco,CA,94107,09/26/2000,Potrero Hill,"(37.7631615707367, -122.397484851678)"
100 Block of 26th  Ave.,San Francisco,CA,94121,09/25/2000,Seacliff,"(37.7866268332722, -122.486350477517)"
300 Block of Willard North  Street,San Francisco,CA,94118,09/25/2000,Lone Mountain/USF,"(37.7750277509749, -122.456309855191)"
300 Block of Willard North  Street,San Francisco,CA,94118,09/25/2000,Lone Mountain/USF,"(37.7750277509749, -122.456309855191)"
0 Block of Waller  Street,San Francisco,CA,94102,09/21/2000,Hayes Valley,"(37.7718426818012, -122.424513454854)"
0 Block of Waller  Street,San Francisco,CA,94102,09/21/2000,Hayes Valley,"(37.7718426818012, -122.424513454854)"
1600 Block of Clement  Street,San Francisco,CA,94121,09/19/2000,Outer Richmond,"(37.7823284143698, -122.476836729401)"
1600 Block of Clement  Street,San Francisco,CA,94121,09/19/2000,Outer Richmond,"(37.7823284143698, -122.476836729401)"
1200 Block of 12TH  AVENUE,San Francisco,CA,94122,09/15/2000,Inner Sunset,"(37.7648423519363, -122.469518821131)"
1200 Block of 12TH   AVENUE,San Francisco,CA,94122,09/15/2000,Inner Sunset,"(37.7648423519363, -122.469518821131)"
1200 Block of 12TH  AVENUE,San Francisco,CA,94122,09/15/2000,Inner Sunset,"(37.7648423519363, -122.469518821131)"
1200 Block of 12TH  AVENUE,San Francisco,CA,94122,09/15/2000,Inner Sunset,"(37.7648423519363, -122.469518821131)"
4100 Block of 20th  Street,San Francisco,CA,94114,09/08/2000,Castro/Upper Market,"(37.7577322522948, -122.433032371499)"
4100 Block of 20th  Street,San Francisco,CA,94114,09/08/2000,Castro/Upper Market,"(37.7577322522948, -122.433032371499)"
600 Block of 9th  Avenue,San Francisco,CA,94118,08/30/2000,Inner Richmond,"(37.7761584734754, -122.467084259779)"
2300 Block of Jackson  Street,San Francisco,CA,94115,08/30/2000,Pacific Heights,"(37.792521541647, -122.433726713886)"
600 Block of 9th  Avenue,San Francisco,CA,94118,08/30/2000,Inner Richmond,"(37.7761584734754, -122.467084259779)"
400 Block of 22nd  Avenue,San Francisco,CA,94107,08/30/2000,Outer Richmond,"(37.779265561928, -122.481517274444)"
2300 Block of Jackson  Street,San Francisco,CA,94115,08/30/2000,Pacific Heights,"(37.792521541647, -122.433726713886)"
600 Block of 9th  Avenue,San Francisco,CA,94118,08/30/2000,Inner Richmond,"(37.7761584734754, -122.467084259779)"
2300 Block of Jackson  Street,San Francisco,CA,94115,08/30/2000,Pacific Heights,"(37.792521541647, -122.433726713886)"
5800 Block of Geary  Boulevard,San Francisco,CA,94121,08/30/2000,Outer Richmond,"(37.7800879421468, -122.48205036897)"
600 Block of Bay  Street,San Francisco,CA,94133,08/29/2000,Russian Hill,"(37.8050301528239, -122.417867154107)"
2100 Block of Broderick  Street,San Francisco,CA,94115,08/28/2000,Pacific Heights,"(37.7901099422771, -122.442497052797)"
2100 Block of Broderick  Street,San Francisco,CA,94115,08/28/2000,Pacific Heights,"(37.7901099422771, -122.442497052797)"
1000 Block of Fell  Street,San Francisco,CA,94117,08/28/2000,Hayes Valley,"(37.7743219498944, -122.435106880888)"
100 Block of Beaumont  Avenue,San Francisco,CA,94118,08/22/2000,Lone Mountain/USF,"(37.7795186949358, -122.454767801104)"
100 Block of Beaumont  Avenue,San Francisco,CA,94118,08/22/2000,Lone Mountain/USF,"(37.7795186949358, -122.454767801104)"
100 Block of 28th  Street,San Francisco,CA,94131,08/14/2000,Noe Valley,"(37.7454218861672, -122.425685856236)"
100 Block of 28th  Street,San Francisco,CA,94131,08/14/2000,Noe Valley,"(37.7454218861672, -122.425685856236)"
1700 Block of 39th  Avenue,San Francisco,CA,94122,08/14/2000,Sunset/Parkside,"(37.7542269854957, -122.497897519854)"
1200 Block of Vicente  Street,San Francisco,CA,94116,08/14/2000,Sunset/Parkside,"(37.7391671217145, -122.480256362055)"
1200 Block of Vicente  Street,San Francisco,CA,94116,08/14/2000,Sunset/Parkside,"(37.7391671217145, -122.480256362055)"
1100 Block of Kearny  Street,San Francisco,CA,94133,08/11/2000,North Beach,"(37.7985353015404, -122.405486521242)"
1100 Block of Kearny  Street,San Francisco,CA,94133,08/11/2000,North Beach,"(37.7985353015404, -122.405486521242)"
1100 Block of Kearny  Street,San Francisco,CA,94133,08/11/2000,North Beach,"(37.7985353015404, -122.405486521242)"
1100 Block of Kearny  Street,San Francisco,CA,94133,08/11/2000,North Beach,"(37.7985353015404, -122.405486521242)"
1100 Block of Kearny  Street,San Francisco,CA,94133,08/11/2000,North Beach,"(37.7985353015404, -122.405486521242)"
1100 Block of Kearny  Street,San Francisco,CA,94133,08/11/2000,North Beach,"(37.7985353015404, -122.405486521242)"
1100 Block of Kearny  Street,San Francisco,CA,94133,08/11/2000,North Beach,"(37.7985353015404, -122.405486521242)"
1100 Block of Kearny  Street,San Francisco,CA,94133,08/11/2000,North Beach,"(37.7985353015404, -122.405486521242)"
1100 Block of Kearny  Street,San Francisco,CA,94133,08/11/2000,North Beach,"(37.7985353015404, -122.405486521242)"
1100 Block of Kearny  Street,San Francisco,CA,94133,08/11/2000,North Beach,"(37.7985353015404, -122.405486521242)"
1100 Block of Kearny  Street,San Francisco,CA,94133,08/11/2000,North Beach,"(37.7985353015404, -122.405486521242)"
1100 Block of Kearny  Street,San Francisco,CA,94133,08/11/2000,North Beach,"(37.7985353015404, -122.405486521242)"
1100 Block of Kearny  Street,San Francisco,CA,94133,08/11/2000,North Beach,"(37.7985353015404, -122.405486521242)"
1100 Block of Kearny  STreet,San Francisco,CA,94133,08/11/2000,North Beach,"(37.7985353015404, -122.405486521242)"
1100 Block of Kearny  Street,San Francisco,CA,94133,08/11/2000,North Beach,"(37.7985353015404, -122.405486521242)"
1100 Block of Kearny  Street,San Francisco,CA,94133,08/11/2000,North Beach,"(37.7985353015404, -122.405486521242)"
1100 Block of Kearny  Street,San Francisco,CA,94133,08/11/2000,North Beach,"(37.7985353015404, -122.405486521242)"
1100 Block of Kearny  Street,San Francisco,CA,94133,08/11/2000,North Beach,"(37.7985353015404, -122.405486521242)"
700 Block of Brunswick  Street,San Francisco,CA,94112,08/10/2000,Excelsior,"(37.708649171941, -122.448732919097)"
0 Block of Gladys  Street,San Francisco,CA,94110,08/10/2000,Bernal Heights,"(37.7394765719674, -122.422865684271)"
0 Block of Gladys  Street,San Francisco,CA,94110,08/10/2000,Bernal Heights,"(37.7394765719674, -122.422865684271)"
0 Block of Gladys  Street,San Francisco,CA,94110,08/10/2000,Bernal Heights,"(37.7394765719674, -122.422865684271)"
0 Block of Gladys  Street,San Francisco,CA,94110,08/10/2000,Bernal Heights,"(37.7394765719674, -122.422865684271)"
700 Block of De Haro  Street,San Francisco,CA,94107,08/10/2000,Potrero Hill,"(37.7603674078503, -122.401206803748)"
0 Block of Gladys  Street,San Francisco,CA,94110,08/10/2000,Bernal Heights,"(37.7394765719674, -122.422865684271)"
1200 Block of 12th  Avenue,San Francisco,CA,94122,08/01/2000,Inner Sunset,"(37.7648423519363, -122.469518821131)"
1200 Block of 12th  Avenue,San Francisco,CA,94122,08/01/2000,Inner Sunset,"(37.7648423519363, -122.469518821131)"
1200 Block of 12th  Avenue,San Francisco,CA,94122,08/01/2000,Inner Sunset,"(37.7648423519363, -122.469518821131)"
1200 Block of 12th  Avenue,San Francisco,CA,94122,08/01/2000,Inner Sunset,"(37.7648423519363, -122.469518821131)"
500 Block of Clayton  Street,San Francisco,CA,94117,07/21/2000,Haight Ashbury,"(37.770273091608, -122.448605047541)"
3600 Block of Webster  Street,San Francisco,CA,94123,07/21/2000,Marina,"(37.8042813822784, -122.435331634961)"
1600 Block of Page  Street,San Francisco,CA,94117,07/21/2000,Haight Ashbury,"(37.7707784943854, -122.447934641401)"
1600 Block of Page  Street,San Francisco,CA,94117,07/21/2000,Haight Ashbury,"(37.7707784943854, -122.447934641401)"
500 Block of Clayton   Street,San Francisco,CA,94117,07/21/2000,Haight Ashbury,"(37.770273091608, -122.448605047541)"
2200 Block of 15th  Street,San Francisco,CA,94114,07/19/2000,Castro/Upper Market,"(37.7658493244187, -122.434368974143)"
2200 Block of 15th  Street,San Francisco,CA,94114,07/19/2000,Castro/Upper Market,"(37.7658493244187, -122.434368974143)"
2200 Block of 15th  Street,San Francisco,CA,94114,07/19/2000,Castro/Upper Market,"(37.7658493244187, -122.434368974143)"
2200 Block of 15th  Street,San Francisco,CA,94114,07/19/2000,Castro/Upper Market,"(37.7658493244187, -122.434368974143)"
800 Block of Dolores  Street,San Francisco,CA,94110,07/19/2000,Noe Valley,"(37.7558217833897, -122.42568060406)"
1600 Block of Clement  Street,San Francisco,CA,94121,07/17/2000,Outer Richmond,"(37.7823284143698, -122.476836729401)"
1600 Block of Clement  Street,San Francisco,CA,94121,07/17/2000,Outer Richmond,"(37.7823284143698, -122.476836729401)"
1700 Block of Wawona  Street,San Francisco,CA,94116,07/12/2000,Sunset/Parkside,"(37.7368128955231, -122.486164631986)"
300 Block of Pierce  Street,San Francisco,CA,94109,07/11/2000,Haight Ashbury,"(37.7730935009904, -122.433947267932)"
300 Block of Pierce  Street,San Francisco,CA,94109,07/11/2000,Haight Ashbury,"(37.7730935009904, -122.433947267932)"
300 Block of Pierce  Street,San Francisco,CA,94109,07/11/2000,Haight Ashbury,"(37.7730935009904, -122.433947267932)"
2400 Block of Clement  Street,San Francisco,CA,94121,07/07/2000,Outer Richmond,"(37.7819452293621, -122.485405658733)"
2400 Block of Clement  Street,San Francisco,CA,94121,07/07/2000,Outer Richmond,"(37.7819452293621, -122.485405658733)"
1600 Block of Clement  Street,San Francisco,CA,94121,07/05/2000,Outer Richmond,"(37.7823284143698, -122.476836729401)"
1600 Block of Clement  Street,San Francisco,CA,94121,07/05/2000,Outer Richmond,"(37.7823284143698, -122.476836729401)"
400 Block of Elizabeth  Street,San Francisco,CA,94114,07/03/2000,Noe Valley,"(37.7523486316106, -122.43084439501)"
400 Block of Shrader  Street,San Francisco,CA,94110,06/29/2000,Haight Ashbury,"(37.7707800456507, -122.452080187765)"
2200 Block of Francisco  Street,San Francisco,CA,94123,06/29/2000,Marina,"(37.8010711539781, -122.44221268398)"
400 Block of Shrader  Street,San Francisco,CA,94110,06/29/2000,Haight Ashbury,"(37.7707800456507, -122.452080187765)"
2200 Block of Francisco  Street,San Francisco,CA,94123,06/29/2000,Marina,"(37.8010711539781, -122.44221268398)"
400 Block of Shrader  Street,San Francisco,CA,94110,06/29/2000,Haight Ashbury,"(37.7707800456507, -122.452080187765)"
400 Block of Oak  Street,San Francisco,CA,94102,06/28/2000,Hayes Valley,"(37.7745478675847, -122.426728379661)"
400 Block of Oak  Street,San Francisco,CA,94102,06/28/2000,Hayes Valley,"(37.7745478675847, -122.426728379661)"
400 Block of Oak  Street,San Francisco,CA,94102,06/28/2000,Hayes Valley,"(37.7745478675847, -122.426728379661)"
400 Block of Oak  Street,San Francisco,CA,94102,06/28/2000,Hayes Valley,"(37.7745478675847, -122.426728379661)"
400 Block of Oak  Street,San Francisco,CA,94102,06/28/2000,Hayes Valley,"(37.7745478675847, -122.426728379661)"
400 Block of Oak  Street,San Francisco,CA,94102,06/28/2000,Hayes Valley,"(37.7745478675847, -122.426728379661)"
400 Block of Oak  Street,San Francisco,CA,94102,06/27/2000,Hayes Valley,"(37.7745478675847, -122.426728379661)"
400 Block of Oak  Street,San Francisco,CA,94102,06/27/2000,Hayes Valley,"(37.7745478675847, -122.426728379661)"
0 Block of Cumberland  Street,San Francisco,CA,94110,06/27/2000,Mission,"(37.7591515867378, -122.424733436252)"
0 Block of Cumberland  Street,San Francisco,CA,94110,06/27/2000,Mission,"(37.7591515867378, -122.424733436252)"
400 Block of Elizabeth  Street,San Francisco,CA,94114,06/27/2000,Noe Valley,"(37.7523486316106, -122.43084439501)"
400 Block of Oak  Street,San Francisco,CA,94102,06/27/2000,Hayes Valley,"(37.7745478675847, -122.426728379661)"
400 Block of Oak  Street,San Francisco,CA,94102,06/27/2000,Hayes Valley,"(37.7745478675847, -122.426728379661)"
400 Block of Oak  Street,San Francisco,CA,94102,06/27/2000,Hayes Valley,"(37.7745478675847, -122.426728379661)"
400 Block of Oak  Street,San Francisco,CA,94102,06/27/2000,Hayes Valley,"(37.7745478675847, -122.426728379661)"
1500 Block of Howard  Street,San Francisco,CA,94103,06/26/2000,Mission,"(37.7720650957484, -122.416549895533)"
1400 Block of Green  Street,San Francisco,CA,94107,06/26/2000,Russian Hill,"(37.7976665292791, -122.422959461747)"
1400 Block of Green  Street,San Francisco,CA,94107,06/26/2000,Russian Hill,"(37.7976665292791, -122.422959461747)"
1400 Block of Green  Street,San Francisco,CA,94107,06/26/2000,Russian Hill,"(37.7976665292791, -122.422959461747)"
3100 Block of Laguna  Street,San Francisco,CA,94123,06/22/2000,Marina,"(37.8000328105069, -122.430956860218)"
3100 Block of Laguna  Street,San Francisco,CA,94123,06/22/2000,Marina,"(37.8000328105069, -122.430956860218)"
3100 Block of Laguna  Street,San Francisco,CA,94123,06/22/2000,Marina,"(37.8000328105069, -122.430956860218)"
3100 Block of Laguna  Street,San Francisco,CA,94123,06/22/2000,Marina,"(37.8000328105069, -122.430956860218)"
3100 Block of Laguna  Street,San Francisco,CA,94123,06/22/2000,Marina,"(37.8000328105069, -122.430956860218)"
3100 Block of Laguna  Street,San Francisco,CA,94123,06/22/2000,Marina,"(37.8000328105069, -122.430956860218)"
200 Block of Texas  Street,San Francisco,CA,94107,06/19/2000,Potrero Hill,"(37.7632766022278, -122.395552822883)"
200 Block of Texas  Street,San Francisco,CA,94107,06/19/2000,Potrero Hill,"(37.7632766022278, -122.395552822883)"
0 Block of Vicksburg  Street,San Francisco,CA,94114,06/15/2000,Noe Valley,"(37.7540244518026, -122.428841355687)"
1400 Block of Green  Street,San Francisco,CA,94109,06/15/2000,Russian Hill,"(37.7976665292791, -122.422959461747)"
1400 Block of Green  Street,San Francisco,CA,94109,06/15/2000,Russian Hill,"(37.7976665292791, -122.422959461747)"
600 Block of Buena Vista  Avenue Est,San Francisco,CA,94117,06/14/2000,Haight Ashbury,"(37.7672303095361, -122.443869427911)"
600 Block of Buena Vista  Avenue,San Francisco,CA,94117,06/14/2000,Haight Ashbury,"(37.7672303095361, -122.443869427911)"
3400 Block of Sacramento  Street,San Francisco,CA,94118,06/14/2000,Presidio Heights,"(37.7878174923202, -122.449468699163)"
600 Block of Buena Vista   Avenue West,San Francisco,CA,94117,06/14/2000,Haight Ashbury,"(37.7672303095361, -122.443869427911)"
600 Block of Buena Vista  Avenue West,San Francisco,CA,94117,06/14/2000,Haight Ashbury,"(37.7672303095361, -122.443869427911)"
3400 Block of Sacramento  Street,San Francisco,CA,94118,06/14/2000,Presidio Heights,"(37.7878174923202, -122.449468699163)"
600 Block of Buena Vista  Avenue West,San Francisco,CA,94117,06/14/2000,Haight Ashbury,"(37.7672303095361, -122.443869427911)"
100 Block of Corwin  Stret,San Francisco,CA,94114,06/12/2000,Twin Peaks,"(37.7576738664665, -122.440731582053)"
700 Block of Mason  Street,San Francisco,CA,94108,06/12/2000,Nob Hill,"(37.7901795723265, -122.41040968702)"
100 Block of Corwin  Street,San Francisco,CA,94114,06/12/2000,Twin Peaks,"(37.7576738664665, -122.440731582053)"
1300 Block of Baker  Street,San Francisco,CA,94115,06/12/2000,Presidio Heights,"(37.7833830058526, -122.442959504098)"
700 Block of Mason  Street,San Francisco,CA,94108,06/12/2000,Nob Hill,"(37.7901795723265, -122.41040968702)"
100 Block of Corwin  Street,San Francisco,CA,94114,06/12/2000,Twin Peaks,"(37.7576738664665, -122.440731582053)"
700 Block of Mason  Street,San Francisco,CA,94108,06/12/2000,Nob Hill,"(37.7901795723265, -122.41040968702)"
1300 Block of Baker  Street,San Francisco,CA,94115,06/12/2000,Presidio Heights,"(37.7833830058526, -122.442959504098)"
100 Block of Corwin  Street,San Francisco,CA,94114,06/12/2000,Twin Peaks,"(37.7576738664665, -122.440731582053)"
500 Block of Arkansas  Street,San Francisco,CA,94107,06/07/2000,Potrero Hill,"(37.7586382695722, -122.398023969477)"
500 Block of Arkansas  Street,San Francisco,CA,94107,06/07/2000,Potrero Hill,"(37.7586382695722, -122.398023969477)"
500 Block of Arkansas  Street,San Francisco,CA,94107,06/07/2000,Potrero Hill,"(37.7586382695722, -122.398023969477)"
1400 Block of Valencia  Street,San Francisco,CA,94110,06/01/2000,Mission,"(37.7497020110292, -122.420499334526)"
1400 Block of Valencia  Street,San Francisco,CA,94110,06/01/2000,Mission,"(37.7497020110292, -122.420499334526)"
1400 Block of Valencia  Street,San Francisco,CA,94110,06/01/2000,Mission,"(37.7497020110292, -122.420499334526)"
1400 Block of Valencia  Street,San Francisco,CA,94110,06/01/2000,Mission,"(37.7497020110292, -122.420499334526)"
300 Block of 24th   Avenue,San Francisco,CA,94121,05/23/2000,Outer Richmond,"(37.783006861105, -122.483800844068)"
300 Block of 24th  Avenue,San Francisco,CA,94121,05/23/2000,Outer Richmond,"(37.783006861105, -122.483800844068)"
300 Block of 24th  Avenue,San Francisco,CA,94121,05/23/2000,Outer Richmond,"(37.783006861105, -122.483800844068)"
400 Block of Broderick  Street,San Francisco,CA,94117,05/19/2000,Hayes Valley,"(37.7743039218286, -122.43943982038)"
0 Block of Coso  Avenue,San Francisco,CA,94102,05/19/2000,Bernal Heights,"(37.7463610979601, -122.418339855743)"
2600 Block of Great  Highway,San Francisco,CA,94116,05/19/2000,Sunset/Parkside,"(37.7374969160688, -122.506306072354)"
400 Block of Broderick  Street,San Francisco,CA,94117,05/19/2000,Hayes Valley,"(37.7743039218286, -122.43943982038)"
0 Block of Coso  Avenue,San Francisco,CA,94102,05/19/2000,Bernal Heights,"(37.7463610979601, -122.418339855743)"
400 Block of Broderick  Street,San Francisco,CA,94117,05/19/2000,Hayes Valley,"(37.7743039218286, -122.43943982038)"
0 Block of Coso  Avenue,San Francisco,CA,94102,05/19/2000,Bernal Heights,"(37.7463610979601, -122.418339855743)"
2600 Block of Great  Highway,San Francisco,CA,94116,05/19/2000,Sunset/Parkside,"(37.7374969160688, -122.506306072354)"
500 Block of Francisco  Street,San Francisco,CA,94133,05/17/2000,North Beach,"(37.8045283192485, -122.414229632036)"
2100 Block of JACKSON  Street,San Francisco,CA,94115,05/16/2000,Pacific Heights,"(37.7930477849195, -122.430455129511)"
500 Block of Waller  Street,San Francisco,CA,94117,05/15/2000,Haight Ashbury,"(37.7707538379586, -122.433121252156)"
500 Block of Waller  Street,San Francisco,CA,94117,05/15/2000,Haight Ashbury,"(37.7707538379586, -122.433121252156)"
2900 Block of Pacific   Avenue,San Francisco,CA,94133,05/10/2000,Pacific Heights,"(37.7921385760914, -122.443819429538)"
2900 Block of Pacific  Avenue,San Francisco,CA,94133,05/10/2000,Pacific Heights,"(37.7921385760914, -122.443819429538)"
2600 Block of Leavenworth  Street,San Francisco,CA,94133,05/08/2000,Russian Hill,"(37.8054739408708, -122.418556087107)"
2600 Block of Leavenworth  Street,San Francisco,CA,94133,05/08/2000,Russian Hill,"(37.8054739408708, -122.418556087107)"
2600 Block of Leavenworth  Street,San Francisco,CA,94133,05/08/2000,Russian Hill,"(37.8054739408708, -122.418556087107)"
2600 Block of Leavenworth  Street,San Francisco,CA,94133,05/08/2000,Russian Hill,"(37.8054739408708, -122.418556087107)"
2600 Block of Leavenworth  Street,San Francisco,CA,94133,05/08/2000,Russian Hill,"(37.8054739408708, -122.418556087107)"
0 Block of Karen   Court,San Francisco,CA,94134,05/05/2000,Portola,"(37.7236396810952, -122.406068318288)"
900 Block of Oak  Street,San Francisco,CA,94117,05/03/2000,Hayes Valley,"(37.7735018157163, -122.434940936499)"
900 Block of Oak  Street,San Francisco,CA,94117,05/03/2000,Hayes Valley,"(37.7735018157163, -122.434940936499)"
900 Block of Oak  Street,San Francisco,CA,94117,05/03/2000,Hayes Valley,"(37.7735018157163, -122.434940936499)"
600 Block of Hayes  Street,San Francisco,CA,94102,05/01/2000,Hayes Valley,"(37.7764132198632, -122.427099517756)"
600 Block of Hayes  Street,San Francisco,CA,94102,05/01/2000,Hayes Valley,"(37.7764132198632, -122.427099517756)"
700 Block of Castro  Street,San Francisco,CA,94114,04/27/2000,Castro/Upper Market,"(37.7564857976749, -122.434652830664)"
0 Block of Miguel  Street,San Francisco,CA,94115,04/27/2000,Glen Park,"(37.7391422234694, -122.429773232546)"
0 Block of Miguel  Street,San Francisco,CA,94115,04/27/2000,Glen Park,"(37.7391422234694, -122.429773232546)"
0 Block of Miguel  Street,San Francisco,CA,94115,04/27/2000,Glen Park,"(37.7391422234694, -122.429773232546)"
1100 Block of Kearny  Street,San Francisco,CA,94133,04/27/2000,North Beach,"(37.7981820773473, -122.405551072301)"
3200 Block of California  Street,San Francisco,CA,94118,04/27/2000,Presidio Heights,"(37.7872098592732, -122.447641497681)"
700 Block of Castro  Street,San Francisco,CA,94114,04/27/2000,Castro/Upper Market,"(37.7564857976749, -122.434652830664)"
3200 Block of California  Street,San Francisco,CA,94118,04/20/2000,Presidio Heights,"(37.7872098592732, -122.447641497681)"
3200 Block of California  Street,San Francisco,CA,94118,04/20/2000,Presidio Heights,"(37.7872098592732, -122.447641497681)"
3200 Block of California  Street,San Francisco,CA,94118,04/20/2000,Presidio Heights,"(37.7872098592732, -122.447641497681)"
3200 Block of California  Street,San Francisco,CA,94118,04/20/2000,Presidio Heights,"(37.7872098592732, -122.447641497681)"
3200 Block of California  Street,San Francisco,CA,94118,04/20/2000,Presidio Heights,"(37.7872098592732, -122.447641497681)"
800 Block of Chestnut  Street,San Francisco,CA,94133,04/13/2000,Russian Hill,"(37.8032958937771, -122.417342092043)"
800 Block of Haight  Street,San Francisco,CA,94117,04/12/2000,Haight Ashbury,"(37.7714276965429, -122.436220210579)"
800 Block of Haight  Street,San Francisco,CA,94117,04/12/2000,Haight Ashbury,"(37.7714276965429, -122.436220210579)"
1700 Block of Gough  Street,San Francisco,CA,94109,04/11/2000,Pacific Heights,"(37.7894646096535, -122.425587859593)"
1700 Block of Gough  Street,San Francisco,CA,94109,04/11/2000,Pacific Heights,"(37.7894646096535, -122.425587859593)"
1700 Block of Gough  Street,San Francisco,CA,94109,04/11/2000,Pacific Heights,"(37.7894646096535, -122.425587859593)"
0 Block of Mirabel  Avenue,San Francisco,CA,94110,04/10/2000,Bernal Heights,"(37.7465186155044, -122.416516157832)"
4400 Block of 19th   Street,San Francisco,CA,94114,04/10/2000,Castro/Upper Market,"(37.7591149658207, -122.438645177127)"
1200 Block of Mason  Street,San Francisco,CA,94108,04/07/2000,Chinatown,"(37.794976251865, -122.411384436961)"
1200 Block of Mason  Street,San Francisco,CA,94108,04/07/2000,Chinatown,"(37.794976251865, -122.411384436961)"
500 Block of Broderick  Street,San Francisco,CA,94117,04/07/2000,Hayes Valley,"(37.7752371577455, -122.43962967309)"
500 Block of Broderick  Street,San Francisco,CA,94117,04/07/2000,Hayes Valley,"(37.7752371577455, -122.43962967309)"
500 Block of Broderick  Street,San Francisco,CA,94117,04/07/2000,Hayes Valley,"(37.7752371577455, -122.43962967309)"
1200 Block of Mason  Street,San Francisco,CA,94108,04/07/2000,Chinatown,"(37.794976251865, -122.411384436961)"
1200 Block of Mason  Street,San Francisco,CA,94108,04/07/2000,Chinatown,"(37.794976251865, -122.411384436961)"
500 Block of Broderick  Street,San Francisco,CA,94117,04/07/2000,Hayes Valley,"(37.7752371577455, -122.43962967309)"
1200 Block of Mason  Street,San Francisco,CA,94108,04/07/2000,Chinatown,"(37.794976251865, -122.411384436961)"
1200 Block of Mason  Street,San Francisco,CA,94108,04/07/2000,Chinatown,"(37.794976251865, -122.411384436961)"
100 Block of Belvedere  Street,San Francisco,CA,94117,03/30/2000,Haight Ashbury,"(37.7677916969149, -122.4493322947)"
100 Block of Belvedere  Street,San Francisco,CA,94117,03/30/2000,Haight Ashbury,"(37.7677916969149, -122.4493322947)"
100 Block of Belvedere  Street,San Francisco,CA,94117,03/30/2000,Haight Ashbury,"(37.7677916969149, -122.4493322947)"
1700 Block of Gough  Street,San Francisco,CA,94102,03/24/2000,Pacific Heights,"(37.7894646096535, -122.425587859593)"
1700 Block of Gough  Street,San Francisco,CA,94102,03/24/2000,Pacific Heights,"(37.7894646096535, -122.425587859593)"
300 Block of Moncada  Way,San Francisco,CA,94127,03/20/2000,West of Twin Peaks,"(37.7296962226267, -122.470055977848)"
2200 Block of Jackson  Street,San Francisco,CA,94115,03/08/2000,Pacific Heights,"(37.7928385254495, -122.432101129469)"
2200 Block of Jackson   Street,San Francisco,CA,94115,03/08/2000,Pacific Heights,"(37.7928385254495, -122.432101129469)"
300 Block of Hermann  Street,San Francisco,CA,94117,03/03/2000,Hayes Valley,"(37.7701932055001, -122.430906223147)"
0 Block of Cumberland  Street,San Francisco,CA,94110,02/27/2000,Mission,"(37.7591515867378, -122.424733436252)"
300 Block of Hermann  Street,San Francisco,CA,94117,02/25/2000,Hayes Valley,"(37.7701932055001, -122.430906223147)"
900 Block of Diamond  Street,San Francisco,CA,94114,02/24/2000,Noe Valley,"(37.7499583476242, -122.436241579439)"
900 Block of Diamond  Street,San Francisco,CA,94114,02/24/2000,Noe Valley,"(37.7499583476242, -122.436241579439)"
2200 Block of 30th  Avenue,San Francisco,CA,94116,02/23/2000,Sunset/Parkside,"(37.7453260893322, -122.48774041586)"
300 Block of Scott  Street,San Francisco,CA,94117,01/07/2000,Haight Ashbury,"(37.7728905515747, -122.435589091202)"
300 Block of Scott  Street,San Francisco,CA,94117,01/07/2000,Haight Ashbury,"(37.7728905515747, -122.435589091202)"
3000 Block of 18th  Street,San Francisco,CA,94110,01/07/2000,Mission,"(37.7616755365906, -122.412420349102)"
3000 Block of 18th  Street,San Francisco,CA,94110,01/07/2000,Mission,"(37.7616755365906, -122.412420349102)"
300 Block of Scott  Street,San Francisco,CA,94117,01/07/2000,Haight Ashbury,"(37.7728905515747, -122.435589091202)"
0 Block of Levant  Street,San Francisco,CA,94114,01/06/2000,Castro/Upper Market,"(37.7642194454073, -122.442259650029)"
3700 Block of Cesar Chavez  Street,San Francisco,CA,94110,12/31/1999,Noe Valley,"(37.7478492010739, -122.423619315266)"
200 Block of Chestnut  Street,San Francisco,CA,94133,12/30/1999,North Beach,"(37.8044102455559, -122.407535183782)"
1900 Block of 8th  Avenue,San Francisco,CA,941,12/30/1999,Inner Sunset,"(37.751536918252, -122.464230380668)"
200 Block of Chestnut  Street,San Francisco,CA,94133,12/30/1999,North Beach,"(37.8044102455559, -122.407535183782)"
0 Block of Belcher  Street,San Francisco,CA,941,12/30/1999,Castro/Upper Market,"(37.7685230217349, -122.430233400954)"
2600 Block of Baker  Street,San Francisco,CA,94123,12/30/1999,Marina,"(37.7953536006291, -122.445385355182)"
3400 Block of Mission  Street,San Francisco,CA,94110,12/30/1999,Bernal Heights,"(37.7419539281889, -122.422163595829)"
600 Block of Castro   Street,San Francisco,CA,94114,12/30/1999,Castro/Upper Market,"(37.7584836230991, -122.434844610371)"
0 Block of Belcher  Street,San Francisco,CA,941,12/30/1999,Castro/Upper Market,"(37.7685230217349, -122.430233400954)"
600 Block of Castro  Street,San Francisco,CA,94114,12/30/1999,Castro/Upper Market,"(37.7584836230991, -122.434844610371)"
3400 Block of Mission  Street,San Francisco,CA,94110,12/30/1999,Bernal Heights,"(37.7419539281889, -122.422163595829)"
200 Block of Chestnut  Street,San Francisco,CA,94133,12/30/1999,North Beach,"(37.8044102455559, -122.407535183782)"
2600 Block of Baker  Street,San Francisco,CA,94123,12/30/1999,Marina,"(37.7953536006291, -122.445385355182)"
3400 Block of Mission  Street,San Francisco,CA,94110,12/30/1999,Bernal Heights,"(37.7419539281889, -122.422163595829)"
200 Block of Chestnut  Street,San Francisco,CA,94133,12/30/1999,North Beach,"(37.8044102455559, -122.407535183782)"
700 Block of Clayton  Street,San Francisco,CA,94117,12/29/1999,Haight Ashbury,"(37.7679269319925, -122.448269733897)"
2300 Block of 3rd  Street,San Francisco,CA,94107,12/29/1999,Potrero Hill,"(37.7592069260187, -122.388577089363)"
700 Block of Clayton  Street,San Francisco,CA,94117,12/29/1999,Haight Ashbury,"(37.7679269319925, -122.448269733897)"
0 Block of Dixie  Alley,San Francisco,CA,94131,12/29/1999,Twin Peaks,"(37.7540443479877, -122.443548236499)"
500 Block of Francisco  Street,San Francisco,CA,94133,12/29/1999,North Beach,"(37.8045283192485, -122.414229632036)"
2300 Block of 3rd  Street,San Francisco,CA,94107,12/29/1999,Potrero Hill,"(37.7592069260187, -122.388577089363)"
1300 Block of Utah  Street,San Francisco,CA,94110,12/28/1999,Mission,"(37.7524211883846, -122.405338378316)"
1300 Block of Utah  Street,San Francisco,CA,94110,12/28/1999,Mission,"(37.7524211883846, -122.405338378316)"
0 Block of John  Street,San Francisco,CA,94133,12/28/1999,Chinatown,"(37.7960085369354, -122.410820106547)"
1300 Block of Utah  Street,San Francisco,CA,94110,12/28/1999,Mission,"(37.7524211883846, -122.405338378316)"
1100 Block of Alabama  Street,San Francisco,CA,94110,12/27/1999,Mission,"(37.7534901045867, -122.41097242399)"
1100 Block of Alabama  Street,San Francisco,CA,94110,12/27/1999,Mission,"(37.7534901045867, -122.41097242399)"
500 Block of Jersey  Street,San Francisco,CA,94114,12/27/1999,Noe Valley,"(37.7502386993081, -122.437304287421)"
1000 Block of Treat  Avenue,San Francisco,CA,941,12/23/1999,Mission,"(37.7533646881109, -122.413137029147)"
0 Block of Landers  Street,San Francisco,CA,94114,12/23/1999,Castro/Upper Market,"(37.7669871097517, -122.427857167521)"
0 Block of Landers  Street,San Francisco,CA,94114,12/23/1999,Castro/Upper Market,"(37.7669871097517, -122.427857167521)"
0 Block of Parnassus  Avenue,San Francisco,CA,94117,12/23/1999,Haight Ashbury,"(37.7650054155894, -122.44911631991)"
1000 Block of Kansas  Street,San Francisco,CA,94107,12/22/1999,Potrero Hill,"(37.7564352063328, -122.402672768629)"
1000 Block of Kansas  Street,San Francisco,CA,94107,12/22/1999,Potrero Hill,"(37.7564352063328, -122.402672768629)"
1000 Block of Kansas  Street,San Francisco,CA,94107,12/22/1999,Potrero Hill,"(37.7564352063328, -122.402672768629)"
0 Block of Waverly  Place,San Francisco,CA,94108,12/21/1999,Chinatown,"(37.7937650901083, -122.40666390722)"
0 Block of Waverly  Place,San Francisco,CA,94108,12/21/1999,Chinatown,"(37.7937650901083, -122.40666390722)"
0 Block of Waverly  Place,San Francisco,CA,94108,12/21/1999,Chinatown,"(37.7937650901083, -122.40666390722)"
2200 Block of Bryant  Street,San Francisco,CA,941,12/21/1999,Mission,"(37.7580152332125, -122.409672653632)"
0 Block of Waverly  Place,San Francisco,CA,94108,12/21/1999,Chinatown,"(37.7937650901083, -122.40666390722)"
2200 Block of Bryant  Street,San Francisco,CA,941,12/21/1999,Mission,"(37.7580152332125, -122.409672653632)"
0 Block of Levant  Street,San Francisco,CA,941,12/20/1999,Castro/Upper Market,"(37.7642194454073, -122.442259650029)"
800 Block of Corbett  Avenue,San Francisco,CA,94131,12/20/1999,Twin Peaks,"(37.7533418919215, -122.443300509532)"
700 Block of Valencia  Street,San Francisco,CA,94110,12/17/1999,Mission,"(37.7609052662083, -122.421432819093)"
700 Block of Valencia  Street,San Francisco,CA,94110,12/17/1999,Mission,"(37.7609052662083, -122.421432819093)"
100 Block of Byxbee  Street,San Francisco,CA,94132,12/13/1999,Oceanview/Merced/Ingleside,"(37.7169913035483, -122.46975868305)"
1200 Block of 41st  Avenue,San Francisco,CA,94122,12/13/1999,Sunset/Parkside,"(37.7634671697477, -122.500695299919)"
1200 Block of Clay  Street,San Francisco,CA,94108,12/12/1999,Nob Hill,"(37.7932735418821, -122.413638665918)"
0 Block of John  Street,San Francisco,CA,94133,12/12/1999,Chinatown,"(37.7960085369354, -122.410820106547)"
0 Block of Landers  Street,San Francisco,CA,94114,12/12/1999,Castro/Upper Market,"(37.7669871097517, -122.427857167521)"
0 Block of Landers  Street,San Francisco,CA,94114,12/10/1999,Castro/Upper Market,"(37.7669871097517, -122.427857167521)"
0 Block of Landers  Street,San Francisco,CA,94114,12/10/1999,Castro/Upper Market,"(37.7669871097517, -122.427857167521)"
0 Block of Landers  Street,San Francisco,CA,94114,12/10/1999,Castro/Upper Market,"(37.7669871097517, -122.427857167521)"
0 Block of Landers  Street,San Francisco,CA,94114,12/10/1999,Castro/Upper Market,"(37.7669871097517, -122.427857167521)"
0 Block of Parnassus  Avenue,San Francisco,CA,94117,12/09/1999,Haight Ashbury,"(37.7650054155894, -122.44911631991)"
0 Block of Collingwood  Street,San Francisco,CA,94114,12/09/1999,Castro/Upper Market,"(37.7614765845905, -122.436246937479)"
1000 Block of Treat  Avenue,San Francisco,CA,94110,12/08/1999,Mission,"(37.7533646881109, -122.413137029147)"
400 Block of 43rd  Avenue,San Francisco,CA,94121,12/08/1999,Outer Richmond,"(37.7804126254784, -122.50417771301)"
400 Block of 43rd  Avenue,San Francisco,CA,94121,12/08/1999,Outer Richmond,"(37.7804126254784, -122.50417771301)"
600 Block of 4th  Avenue,San Francisco,CA,94118,12/06/1999,Inner Richmond,"(37.7764027457294, -122.461731745079)"
1300 Block of McAllister  Street,San Francisco,CA,94115,12/03/1999,Western Addition,"(37.7783718580039, -122.434240837305)"
1300 Block of McAllister  Street,San Francisco,CA,94115,12/03/1999,Western Addition,"(37.7783718580039, -122.434240837305)"
1300 Block of McAllister  Street,San Francisco,CA,94115,12/03/1999,Western Addition,"(37.7783718580039, -122.434240837305)"
1300 Block of McAllister  Street,San Francisco,CA,94115,12/03/1999,Western Addition,"(37.7783718580039, -122.434240837305)"
100 Block of Villa   Terrace,San Francisco,CA,94114,11/30/1999,Castro/Upper Market,"(37.7578921513131, -122.446339249209)"
1300 Block of McAllister  Street,San Francisco,CA,94115,11/19/1999,Western Addition,"(37.7783718580039, -122.434240837305)"
1300 Block of McAllister  Street,San Francisco,CA,94115,11/19/1999,Western Addition,"(37.7783718580039, -122.434240837305)"
1300 Block of McAllister  Street,San Francisco,CA,94115,11/19/1999,Western Addition,"(37.7783718580039, -122.434240837305)"
1300 Block of McAllister   Street,San Francisco,CA,94115,11/19/1999,Western Addition,"(37.7783718580039, -122.434240837305)"
1300 Block of McAllister   Street,San Francisco,CA,94115,11/19/1999,Western Addition,"(37.7783718580039, -122.434240837305)"
1300 Block of McAllister  Street,San Francisco,CA,94115,11/19/1999,Western Addition,"(37.7783718580039, -122.434240837305)"
1300 Block of McAllister  Street,San Francisco,CA,94115,11/19/1999,Western Addition,"(37.7783718580039, -122.434240837305)"
1300 Block of McAllister  Street,San Francisco,CA,94115,11/19/1999,Western Addition,"(37.7783718580039, -122.434240837305)"
3600 Block of 17th  Street,San Francisco,CA,94114,11/18/1999,Castro/Upper Market,"(37.7629861188887, -122.427843219883)"
3600 Block of 17th  Street,San Francisco,CA,94114,11/18/1999,Castro/Upper Market,"(37.7629861188887, -122.427843219883)"
600 Block of Clayton  Street,San Francisco,CA,94117,11/15/1999,Haight Ashbury,"(37.7693225160278, -122.448552564376)"
600 Block of Clayton  Street,San Francisco,CA,94117,11/15/1999,Haight Ashbury,"(37.7693225160278, -122.448552564376)"
100 Block of Villa  Terrace,San Francisco,CA,94114,11/15/1999,Castro/Upper Market,"(37.7578921513131, -122.446339249209)"
600 Block of Clayton  Street,San Francisco,CA,94117,11/15/1999,Haight Ashbury,"(37.7693225160278, -122.448552564376)"
100 Block of 15TH  AVENUE,San Francisco,CA,94118,11/10/1999,Outer Richmond,"(37.7853074356215, -122.474245097359)"
4600 Block of 18th  Street,San Francisco,CA,94114,11/10/1999,Castro/Upper Market,"(37.7605630349165, -122.441252471496)"
100 Block of 15th  Avenue,San Francisco,CA,94118,11/10/1999,Outer Richmond,"(37.7853074356215, -122.474245097359)"
4600 Block of 18th  Street,San Francisco,CA,94114,11/10/1999,Castro/Upper Market,"(37.7605630349165, -122.441252471496)"
1300 Block of Grant  Avenue,San Francisco,CA,94133,11/08/1999,North Beach,"(37.7992312305655, -122.407369153629)"
1300 Block of Grant  Avenue,San Francisco,CA,94133,11/08/1999,North Beach,"(37.7992312305655, -122.407369153629)"
1300 Block of Grant  Avenue,San Francisco,CA,94133,11/08/1999,North Beach,"(37.7992312305655, -122.407369153629)"
1300 Block of Grant  Avenue,San Francisco,CA,94133,11/08/1999,North Beach,"(37.7992312305655, -122.407369153629)"
1300 Block of Grant  Avenue,San Francisco,CA,94133,11/08/1999,North Beach,"(37.7992312305655, -122.407369153629)"
1300 Block of Grant  Avenue,San Francisco,CA,94133,11/08/1999,North Beach,"(37.7992312305655, -122.407369153629)"
1300 Block of Grant  Avenue,San Francisco,CA,94133,11/08/1999,North Beach,"(37.7992312305655, -122.407369153629)"
3400 Block of 20th  Street,San Francisco,CA,941,11/05/1999,Mission,"(37.7587201898406, -122.418513905077)"
3400 Block of 18th  Street,San Francisco,CA,94110,11/04/1999,Mission,"(37.761823083782, -122.420475734987)"
3400 Block of 18th  Street,San Francisco,CA,94110,11/04/1999,Mission,"(37.761823083782, -122.420475734987)"
3400 Block of 18th  Street,San Francisco,CA,94110,11/04/1999,Mission,"(37.761823083782, -122.420475734987)"
3400 Block of 18th  Street,San Francisco,CA,94110,11/04/1999,Mission,"(37.761823083782, -122.420475734987)"
800 Block of Shotwell  Street,San Francisco,CA,94110,11/03/1999,Mission,"(37.7548296618471, -122.415465689137)"
800 Block of Shotwell  Street,San Francisco,CA,94110,11/03/1999,Mission,"(37.7548296618471, -122.415465689137)"
300 Block of Collingwood  Street,San Francisco,CA,94114,11/03/1999,Castro/Upper Market,"(37.7562215595404, -122.435778740114)"
700 Block of York  Street,San Francisco,CA,94110,11/02/1999,Mission,"(37.7598905100261, -122.409037245786)"
1800 Block of Lyon  Street,San Francisco,CA,94115,11/01/1999,Presidio Heights,"(37.7878922881697, -122.445563759506)"
1800 Block of Lyon  Street,San Francisco,CA,94115,11/01/1999,Presidio Heights,"(37.7878922881697, -122.445563759506)"
400 Block of Kansas  Street,San Francisco,CA,94107,10/29/1999,Potrero Hill,"(37.7640801204046, -122.403538780176)"
900 Block of Green  Street,San Francisco,CA,941,10/29/1999,Russian Hill,"(37.7987975000694, -122.415083693773)"
900 Block of Green  Street,San Francisco,CA,94133,10/29/1999,Russian Hill,"(37.7987975000694, -122.415083693773)"
900 Block of Green  Street,San Francisco,CA,941,10/29/1999,Russian Hill,"(37.7987975000694, -122.415083693773)"
100 Block of Henry  Street,San Francisco,CA,94114,10/29/1999,Castro/Upper Market,"(37.7665401993589, -122.434434754493)"
600 Block of Clayton  Street,San Francisco,CA,94117,10/29/1999,Haight Ashbury,"(37.7693225160278, -122.448552564376)"
0 Block of Ord  Street,San Francisco,CA,94114,10/29/1999,Castro/Upper Market,"(37.7631388955061, -122.440184123347)"
300 Block of 24th  Avenue,San Francisco,CA,94121,10/29/1999,Outer Richmond,"(37.783006861105, -122.483800844068)"
400 Block of Kansas  Street,San Francisco,CA,94107,10/29/1999,Potrero Hill,"(37.7640801204046, -122.403538780176)"
500 Block of 3rd  Avenue,San Francisco,CA,94118,10/29/1999,Inner Richmond,"(37.7783106692064, -122.460794716522)"
600 Block of Clayton  Street,San Francisco,CA,94117,10/29/1999,Haight Ashbury,"(37.7693225160278, -122.448552564376)"
900 Block of Green  Street,San Francisco,CA,941,10/29/1999,Russian Hill,"(37.7987975000694, -122.415083693773)"
900 Block of Green   Streeet,San Francisco,CA,94133,10/29/1999,Russian Hill,"(37.7987975000694, -122.415083693773)"
300 Block of 24th  Avenue,San Francisco,CA,94121,10/29/1999,Outer Richmond,"(37.783006861105, -122.483800844068)"
0 Block of Francis  Street,San Francisco,CA,94112,10/27/1999,Outer Mission,"(37.7271236128779, -122.434343494094)"
1900 Block of Oak  Street,San Francisco,CA,94117,10/27/1999,Haight Ashbury,"(37.7713013031535, -122.451412659823)"
1900 Block of Oak  Street,San Francisco,CA,94117,10/27/1999,Haight Ashbury,"(37.7713013031535, -122.451412659823)"
1900 Block of oak  Street,San Francisco,CA,94117,10/27/1999,Haight Ashbury,"(37.7713013031535, -122.451412659823)"
0 Block of Francis  Street,San Francisco,CA,94112,10/27/1999,Outer Mission,"(37.7271236128779, -122.434343494094)"
3900 Block of Sacramento  Street,San Francisco,CA,941,10/26/1999,Presidio Heights,"(37.7868299905165, -122.458076168811)"
4600 Block of 18th   Street,San Francisco,CA,941,10/26/1999,Castro/Upper Market,"(37.7605630349165, -122.441252471496)"
3900 Block of Sacramento  Street,San Francisco,CA,941,10/26/1999,Presidio Heights,"(37.7868299905165, -122.458076168811)"
3900 Block of Sacramento  Street,San Francisco,CA,941,10/26/1999,Presidio Heights,"(37.7868299905165, -122.458076168811)"
4600 Block of 18th  Street,San Francisco,CA,94114,10/26/1999,Castro/Upper Market,"(37.7605630349165, -122.441252471496)"
3900 Block of Sacramento  Street,San Francisco,CA,941,10/26/1999,Presidio Heights,"(37.7868299905165, -122.458076168811)"
2200 Block of 39th  Avenue,San Francisco,CA,94116,10/25/1999,Sunset/Parkside,"(37.7449003771833, -122.497383948876)"
1352 Lake St,San Francisco,CA,94118,10/25/1999,,"(2114792.91547773, 5991318.79697499)"
1300 Block of Grant  Avenue,San Francisco,CA,94133,10/22/1999,North Beach,"(37.7992312305655, -122.407369153629)"
1300 Block of Grant  Avenue,San Francisco,CA,941,10/22/1999,North Beach,"(37.7992312305655, -122.407369153629)"
1300 Block of Grant  Avenue,San Francisco,CA,94133,10/22/1999,North Beach,"(37.7992312305655, -122.407369153629)"
500 Block of 3rd  Avenue,San Francisco,CA,94118,10/22/1999,Inner Richmond,"(37.7783106692064, -122.460794716522)"
1300 Block of Grant  Avenue,San Francisco,CA,94133,10/22/1999,North Beach,"(37.7992312305655, -122.407369153629)"
3700 Block of Cesar Chavez  Street,San Francisco,CA,94110,10/22/1999,Noe Valley,"(37.7478492010739, -122.423619315266)"
1300 Block of Grant  Avenue,San Francisco,CA,94133,10/22/1999,North Beach,"(37.7992312305655, -122.407369153629)"
1600 Block of Fulton  Street,San Francisco,CA,94117,10/22/1999,Lone Mountain/USF,"(37.7761755512093, -122.443967116976)"
1300 Block of Grant  Avenue,San Francisco,CA,94133,10/22/1999,North Beach,"(37.7992312305655, -122.407369153629)"
1300 Block of Grant  Avenue,San Francisco,CA,94133,10/22/1999,North Beach,"(37.7992312305655, -122.407369153629)"
2100 Block of Pine  Street,San Francisco,CA,94115,10/21/1999,Pacific Heights,"(37.7883179321444, -122.431190560905)"
1700 Block of Dolores  Street,San Francisco,CA,94110,10/21/1999,Glen Park,"(37.7412877664093, -122.424293822625)"
2100 Block of Pine  Street,San Francisco,CA,94115,10/21/1999,Pacific Heights,"(37.7883179321444, -122.431190560905)"
2100 Block of Pine  Street,San Francisco,CA,94115,10/21/1999,Pacific Heights,"(37.7883179321444, -122.431190560905)"
2100 Block of Pine  Street,San Francisco,CA,94115,10/21/1999,Pacific Heights,"(37.7883179321444, -122.431190560905)"
3800 Block of 21st  Street,San Francisco,CA,94114,10/18/1999,Castro/Upper Market,"(37.7562145110896, -122.433443826196)"
800 Block of Hayes  Street,San Francisco,CA,94117,10/18/1999,Hayes Valley,"(37.7758850860788, -122.430365346682)"
800 Block of Hayes  Street,San Francisco,CA,94117,10/18/1999,Hayes Valley,"(37.7758850860788, -122.430365346682)"
3800 Block of 21st  Street,San Francisco,CA,94114,10/18/1999,Castro/Upper Market,"(37.7562145110896, -122.433443826196)"
400 Block of 20th  Avenue,San Francisco,CA,94121,10/14/1999,Outer Richmond,"(37.7793682982444, -122.479380964212)"
800 Block of Dolores  Street,San Francisco,CA,94110,10/14/1999,Noe Valley,"(37.7558217833897, -122.42568060406)"
400 Block of 20th  Avenue,San Francisco,CA,94121,10/14/1999,Outer Richmond,"(37.7793682982444, -122.479380964212)"
100 Block of Mallorca  Street,San Francisco,CA,94123,10/12/1999,Marina,"(37.8021383455384, -122.437516018919)"
600 Block of DIAMOND  STREET,San Francisco,CA,94114,10/12/1999,Noe Valley,"(37.75235574609, -122.436484541671)"
1700 Block of Beach  Street,San Francisco,CA,94123,10/12/1999,Marina,"(37.8041055261619, -122.438618931006)"
600 Block of Diamond  Street,San Francisco,CA,94114,10/12/1999,Noe Valley,"(37.75235574609, -122.436484541671)"
900 Block of Mission  Street,San Francisco,CA,94103,10/12/1999,South of Market,"(37.7815842392102, -122.408030493568)"
900 Block of Mission  Street,San Francisco,CA,941,10/12/1999,South of Market,"(37.7815842392102, -122.408030493568)"
600 Block of Diamond  Street,San Francisco,CA,94114,10/12/1999,Noe Valley,"(37.75235574609, -122.436484541671)"
3100 Block of CALIFORNIA  Street,San Francisco,CA,94115,10/12/1999,Presidio Heights,"(37.7872957720584, -122.446086570222)"
900 Block of Mission  Street,San Francisco,CA,94103,10/12/1999,South of Market,"(37.7815842392102, -122.408030493568)"
900 Block of Mission  Street,San Francisco,CA,94103,10/12/1999,South of Market,"(37.7815842392102, -122.408030493568)"
900 Block of Mission  Street,San Francisco,CA,94103,10/12/1999,South of Market,"(37.7815842392102, -122.408030493568)"
3100 Block of CALIFORNIA  Street,San Francisco,CA,94115,10/12/1999,Presidio Heights,"(37.7872957720584, -122.446086570222)"
900 Block of Mission  Street,San Francisco,CA,941,10/12/1999,South of Market,"(37.7815842392102, -122.408030493568)"
1700 Block of Beach  Street,San Francisco,CA,94123,10/12/1999,Marina,"(37.8041055261619, -122.438618931006)"
900 Block of Mission  Street,San Francisco,CA,94103,10/12/1999,South of Market,"(37.7815842392102, -122.408030493568)"
3100 Block of California  Street,San Francisco,CA,94115,10/12/1999,Presidio Heights,"(37.7872957720584, -122.446086570222)"
900 Block of Mission  Street,San Francisco,CA,94103,10/12/1999,South of Market,"(37.7815842392102, -122.408030493568)"
900 Block of Mission  Street,San Francisco,CA,94103,10/12/1999,South of Market,"(37.7815842392102, -122.408030493568)"
1700 Block of Beach  Street,San Francisco,CA,94123,10/12/1999,Marina,"(37.8041055261619, -122.438618931006)"
100 Block of Mallorca  Street,San Francisco,CA,94123,10/12/1999,Marina,"(37.8021383455384, -122.437516018919)"
3100 Block of CALIFORNIA  STREET,San Francisco,CA,94115,10/12/1999,Presidio Heights,"(37.7872957720584, -122.446086570222)"
900 Block of Mission  Street,San Francisco,CA,94103,10/12/1999,South of Market,"(37.7815842392102, -122.408030493568)"
900 Block of Mission  Street,San Francisco,CA,94103,10/12/1999,South of Market,"(37.7815842392102, -122.408030493568)"
900 Block of Mission  Street,San Francisco,CA,94103,10/12/1999,South of Market,"(37.7815842392102, -122.408030493568)"
900 Block of Mission  Street,San Francisco,CA,94103,10/12/1999,South of Market,"(37.7815842392102, -122.408030493568)"
900 Block of Mission  Street,San Francisco,CA,94103,10/12/1999,South of Market,"(37.7815842392102, -122.408030493568)"
1300 Block of Grant  Avenue,San Francisco,CA,94133,10/12/1999,North Beach,"(37.7992312305655, -122.407369153629)"
3100 Block of California  Street,San Francisco,CA,94115,10/12/1999,Presidio Heights,"(37.7872957720584, -122.446086570222)"
900 Block of Mission  St,San Francisco,CA,94103,10/12/1999,South of Market,"(37.7815842392102, -122.408030493568)"
900 Block of Mission  Street,San Francisco,CA,94103,10/12/1999,South of Market,"(37.7815842392102, -122.408030493568)"
600 Block of DIAMOND  Street,San Francisco,CA,94110,10/12/1999,Noe Valley,"(37.75235574609, -122.436484541671)"
900 Block of Mission  Street,San Francisco,CA,94103,10/12/1999,South of Market,"(37.7815842392102, -122.408030493568)"
100 Block of Lexington  Street,San Francisco,CA,94110,10/08/1999,Mission,"(37.7609516877044, -122.420667147328)"
100 Block of Lexington  Street,San Francisco,CA,94110,10/07/1999,Mission,"(37.7609516877044, -122.420667147328)"
100 Block of Lexington  Street,San Francisco,CA,94110,10/07/1999,Mission,"(37.7609516877044, -122.420667147328)"
100 Block of Lexington  Street,San Francisco,CA,94110,10/07/1999,Mission,"(37.7609516877044, -122.420667147328)"
500 Block of 2nd  Avenue,San Francisco,CA,94118,10/05/1999,Inner Richmond,"(37.7783530610272, -122.459861681329)"
400 Block of Pine  Street,San Francisco,CA,94104,10/04/1999,Financial District/South Beach,"(37.791762720718, -122.403209139588)"
400 Block of Pine  Street,San Francisco,CA,94104,10/04/1999,Financial District/South Beach,"(37.791762720718, -122.403209139588)"
400 Block of Pine  Street,San Francisco,CA,94104,10/04/1999,Financial District/South Beach,"(37.791762720718, -122.403209139588)"
400 Block of Pine  Street,San Francisco,CA,94104,10/04/1999,Financial District/South Beach,"(37.791762720718, -122.403209139588)"
400 Block of Pine  Street,San Francisco,CA,94104,10/04/1999,Financial District/South Beach,"(37.791762720718, -122.403209139588)"
400 Block of Pine  Street,San Francisco,CA,94104,10/04/1999,Financial District/South Beach,"(37.791762720718, -122.403209139588)"
400 Block of Pine  Street,San Francisco,CA,94104,10/04/1999,Financial District/South Beach,"(37.791762720718, -122.403209139588)"
400 Block of Pine  Street,San Francisco,CA,94104,10/04/1999,Financial District/South Beach,"(37.791762720718, -122.403209139588)"
400 Block of Pine  Street,San Francisco,CA,94104,10/04/1999,Financial District/South Beach,"(37.791762720718, -122.403209139588)"
400 Block of Pine  Street,San Francisco,CA,94104,10/04/1999,Financial District/South Beach,"(37.791762720718, -122.403209139588)"
400 Block of Pine  Street,San Francisco,CA,94104,10/04/1999,Financial District/South Beach,"(37.791762720718, -122.403209139588)"
400 Block of Pine  Street,San Francisco,CA,94104,10/04/1999,Financial District/South Beach,"(37.791762720718, -122.403209139588)"
400 Block of Pine  Street,San Francisco,CA,941,10/04/1999,Financial District/South Beach,"(37.791762720718, -122.403209139588)"
400 Block of Pine  Street,San Francisco,CA,94104,10/04/1999,Financial District/South Beach,"(37.791762720718, -122.403209139588)"
400 Block of Pine  Street,San Francisco,CA,94104,10/04/1999,Financial District/South Beach,"(37.791762720718, -122.403209139588)"
400 Block of Pine  Street,San Francisco,CA,94104,10/04/1999,Financial District/South Beach,"(37.791762720718, -122.403209139588)"
400 Block of Pine  Street,San Francisco,CA,94104,10/04/1999,Financial District/South Beach,"(37.791762720718, -122.403209139588)"
400 Block of Pine  Street,San Francisco,CA,94104,10/04/1999,Financial District/South Beach,"(37.791762720718, -122.403209139588)"
400 Block of Pine  Street,San Francisco,CA,94104,10/04/1999,Financial District/South Beach,"(37.791762720718, -122.403209139588)"
400 Block of Pine  Street,San Francisco,CA,94104,10/04/1999,Financial District/South Beach,"(37.791762720718, -122.403209139588)"
400 Block of Pine  Street,San Francisco,CA,94104,10/04/1999,Financial District/South Beach,"(37.791762720718, -122.403209139588)"
400 Block of Pine  Street,San Francisco,CA,94104,10/04/1999,Financial District/South Beach,"(37.791762720718, -122.403209139588)"
400 Block of Pine  Street,San Francisco,CA,94104,10/04/1999,Financial District/South Beach,"(37.791762720718, -122.403209139588)"
400 Block of Pine  Street,San Francisco,CA,941,10/04/1999,Financial District/South Beach,"(37.791762720718, -122.403209139588)"
400 Block of Pine  Street,San Francisco,CA,94104,10/04/1999,Financial District/South Beach,"(37.791762720718, -122.403209139588)"
400 Block of Pine  Street,San Francisco,CA,94104,10/04/1999,Financial District/South Beach,"(37.791762720718, -122.403209139588)"
400 Block of Pine  Street,San Francisco,CA,941,10/04/1999,Financial District/South Beach,"(37.791762720718, -122.403209139588)"
400 Block of Pine  Street,San Francisco,CA,94104,10/04/1999,Financial District/South Beach,"(37.791762720718, -122.403209139588)"
400 Block of Pine  Street,San Francisco,CA,94104,10/04/1999,Financial District/South Beach,"(37.791762720718, -122.403209139588)"
400 Block of Pine  Street,San Francisco,CA,94104,10/04/1999,Financial District/South Beach,"(37.791762720718, -122.403209139588)"
400 Block of Pine  Street,San Francisco,CA,94104,10/04/1999,Financial District/South Beach,"(37.791762720718, -122.403209139588)"
400 Block of Pine  Street,San Francisco,CA,94104,10/04/1999,Financial District/South Beach,"(37.791762720718, -122.403209139588)"
400 Block of Pine  Street,San Francisco,CA,94104,10/04/1999,Financial District/South Beach,"(37.791762720718, -122.403209139588)"
400 Block of Pine  Street,San Francisco,CA,94104,10/04/1999,Financial District/South Beach,"(37.791762720718, -122.403209139588)"
400 Block of Pine  Street,San Francisco,CA,94104,10/04/1999,Financial District/South Beach,"(37.791762720718, -122.403209139588)"
400 Block of Pine  Street,San Francisco,CA,94104,10/04/1999,Financial District/South Beach,"(37.791762720718, -122.403209139588)"
1300 Block of Grant  Avenue,San Francisco,CA,94133,10/01/1999,North Beach,"(37.7992312305655, -122.407369153629)"
1300 Block of Grant  Avenue,San Francisco,CA,94133,10/01/1999,North Beach,"(37.7992312305655, -122.407369153629)"
1300 Block of Grant  Avenue,San Francisco,CA,94133,10/01/1999,North Beach,"(37.7992312305655, -122.407369153629)"
1300 Block of Grant  Avenue,San Francisco,CA,94133,10/01/1999,North Beach,"(37.7992312305655, -122.407369153629)"
800 Block of Anza  Street,San Francisco,CA,94118,10/01/1999,Lone Mountain/USF,"(37.7801023433522, -122.455348182421)"
1300 Block of Grant  Avenue,San Francisco,CA,941,10/01/1999,North Beach,"(37.7992312305655, -122.407369153629)"
1300 Block of Grant  Avenue,San Francisco,CA,94133,10/01/1999,North Beach,"(37.7992312305655, -122.407369153629)"
1300 Block of Grant  Avenue,San Francisco,CA,94133,10/01/1999,North Beach,"(37.7992312305655, -122.407369153629)"
1300 Block of Grant  Avenue,San Francisco,CA,94133,10/01/1999,North Beach,"(37.7992312305655, -122.407369153629)"
0 Block of Parnassus  Avenue,San Francisco,CA,94117,09/28/1999,Haight Ashbury,"(37.7650054155894, -122.44911631991)"
800 Block of Rolph  Street,San Francisco,CA,94112,09/28/1999,Excelsior,"(37.7111937466839, -122.428652632938)"
1800 Block of 48th  Avenue,San Francisco,CA,94122,09/27/1999,Sunset/Parkside,"(37.7519393943649, -122.507411931711)"
1800 Block of 48th  Avenue,San Francisco,CA,94122,09/27/1999,Sunset/Parkside,"(37.7519393943649, -122.507411931711)"
4300 Block of 20th  Street,San Francisco,CA,94114,09/24/1999,Castro/Upper Market,"(37.7577096075269, -122.43525775295)"
100 Block of Lexington  Street,San Francisco,CA,94110,09/21/1999,Mission,"(37.7609516877044, -122.420667147328)"
100 Block of Lexington  Street,San Francisco,CA,94110,09/21/1999,Mission,"(37.7609516877044, -122.420667147328)"
100 Block of Lexington  Street,San Francisco,CA,94110,09/21/1999,Mission,"(37.7609516877044, -122.420667147328)"
100 Block of Lexington  Street,San Francisco,CA,94110,09/21/1999,Mission,"(37.7609516877044, -122.420667147328)"
800 Block of Anza  Street,San Francisco,CA,94118,09/17/1999,Lone Mountain/USF,"(37.7801023433522, -122.455348182421)"
1300 Block of Utah  Street,San Francisco,CA,94110,09/16/1999,Mission,"(37.7524211883846, -122.405338378316)"
1300 Block of Utah  Street,San Francisco,CA,94110,09/16/1999,Mission,"(37.7524211883846, -122.405338378316)"
0 Block of Nido  Street,San Francisco,CA,94115,09/16/1999,Lone Mountain/USF,"(37.7793587012693, -122.446139455447)"
1300 Block of Utah  Street,San Francisco,CA,94110,09/16/1999,Mission,"(37.7524211883846, -122.405338378316)"
0 Block of Montague  Place,San Francisco,CA,94133,09/16/1999,North Beach,"(37.8005882895604, -122.404633848917)"
800 Block of Anza  Street,San Francisco,CA,94118,09/15/1999,Lone Mountain/USF,"(37.7801023433522, -122.455348182421)"
800 Block of Rolph  Street,San Francisco,CA,94112,09/13/1999,Excelsior,"(37.7111937466839, -122.428652632938)"
700 Block of 43rd  Avenue,San Francisco,CA,94121,09/13/1999,Outer Richmond,"(37.774491068178, -122.503607532008)"
1271 Filbert St,San Francisco,CA,94109,09/08/1999,,"(2119441.2957799, 6006956.41920689)"
1200 Block of Filbert  Street,San Francisco,CA,94109,09/08/1999,Russian Hill,"(37.79997450353, -122.420050559374)"
1200 Block of Filbert  Street,San Francisco,CA,94109,09/08/1999,Russian Hill,"(37.79997450353, -122.420050559374)"
0 Block of Parnassus  Avenue,San Francisco,CA,94117,09/07/1999,Haight Ashbury,"(37.7650054155894, -122.44911631991)"
15161500 Block of Guerrero  Street,San Francisco,CA,94110,09/07/1999,Noe Valley,"(37.7467657467357, -122.422480185303)"
300 Block of Lexington  Street,San Francisco,CA,94112,09/07/1999,Mission,"(37.75775140355, -122.420353645248)"
300 Block of Lexington  Street,San Francisco,CA,94112,09/07/1999,Mission,"(37.75775140355, -122.420353645248)"
0 Block of Belcher  Street,San Francisco,CA,94114,09/07/1999,Castro/Upper Market,"(37.7685313597661, -122.430095414163)"
800 Block of Rolph  Street,San Francisco,CA,94112,09/03/1999,Excelsior,"(37.7111937466839, -122.428652632938)"
0 Block of Belcher  Street,San Francisco,CA,94114,09/01/1999,Castro/Upper Market,"(37.7685313597661, -122.430095414163)"
700 Block of 43rd  Avenue,San Francisco,CA,94121,08/31/1999,Outer Richmond,"(37.774491068178, -122.503607532008)"
2400 Block of Buchanan  Street,San Francisco,CA,94121,08/31/1999,Pacific Heights,"(37.7924569158594, -122.431109063511)"
2300 Block of Leavenworth  Street,San Francisco,CA,94133,08/20/1999,Russian Hill,"(37.802659832808, -122.418127047642)"
2300 Block of Leavenworth  Street,San Francisco,CA,94133,08/20/1999,Russian Hill,"(37.802659832808, -122.418127047642)"
2300 Block of Leavenworth  Street,San Francisco,CA,94133,08/20/1999,Russian Hill,"(37.802659832808, -122.418127047642)"
1300 Block of Utah  Street,San Francisco,CA,94121,08/17/1999,Mission,"(37.7524211883846, -122.405338378316)"
1300 Block of Utah  Street,San Francisco,CA,94121,08/17/1999,Mission,"(37.7524211883846, -122.405338378316)"
1300 Block of Utah  Street,San Francisco,CA,94121,08/17/1999,Mission,"(37.7524211883846, -122.405338378316)"
400 Block of Dolores  Street,San Francisco,CA,94110,08/10/1999,Castro/Upper Market,"(37.7625793106221, -122.426341418499)"
400 Block of Dolores  Street,San Francisco,CA,94110,08/10/1999,Castro/Upper Market,"(37.7625793106221, -122.426341418499)"
400 Block of Dolores  street,San Francisco,CA,94110,08/10/1999,Castro/Upper Market,"(37.7625793106221, -122.426341418499)"
200 Block of Willard  North,San Francisco,CA,94118,08/09/1999,Lone Mountain/USF,"(37.7766307135598, -122.456636236801)"
1300 Block of 38th  Avenue,San Francisco,CA,94122,08/09/1999,Sunset/Parkside,"(37.7617306091148, -122.497487695913)"
300 Block of San Carlos   Street,San Francisco,CA,94110,08/05/1999,Mission,"(37.7577823081332, -122.419834201322)"
2900 Block of Octavia  Street,San Francisco,CA,94123,08/05/1999,Marina,"(37.7993141371393, -122.429264569784)"
1400 Block of 41st  Avenue,San Francisco,CA,94122,08/05/1999,Sunset/Parkside,"(37.7597245835645, -122.500570751904)"
200 Block of Willard  North,San Francisco,CA,94118,08/05/1999,Lone Mountain/USF,"(37.7766307135598, -122.456636236801)"
1400 Block of 41st  Avenue,San Francisco,CA,94122,08/05/1999,Sunset/Parkside,"(37.7597245835645, -122.500570751904)"
2900 Block of Octavia  Street,San Francisco,CA,94123,08/05/1999,Marina,"(37.7993141371393, -122.429264569784)"
300 Block of San Carlos   Street,San Francisco,CA,94110,08/05/1999,Mission,"(37.7577823081332, -122.419834201322)"
200 Block of Duncan  Street,San Francisco,CA,94131,08/02/1999,Noe Valley,"(37.7462248489528, -122.425752405842)"
100 Block of Langton  Street,San Francisco,CA,94124,07/30/1999,South of Market,"(37.7755325818254, -122.40748636485)"
100 Block of Langton  Street,San Francisco,CA,94124,07/30/1999,South of Market,"(37.7755325818254, -122.40748636485)"
100 Block of Langton  Street,San Francisco,CA,94124,07/30/1999,South of Market,"(37.7755325818254, -122.40748636485)"
100 Block of Langton  Street,San Francisco,CA,94124,07/30/1999,South of Market,"(37.7755325818254, -122.40748636485)"
100 Block of Langton  Street,San Francisco,CA,94124,07/30/1999,South of Market,"(37.7755325818254, -122.40748636485)"
0 Block of Douglass  Street,San Francisco,CA,94123,07/20/1999,Castro/Upper Market,"(37.7628613420342, -122.439481563282)"
0 Block of Douglass  Street,San Francisco,CA,94123,07/20/1999,Castro/Upper Market,"(37.7628613420342, -122.439481563282)"
0 Block of Douglass  Street,San Francisco,CA,94123,07/20/1999,Castro/Upper Market,"(37.7628613420342, -122.439481563282)"
100 Block of Henry  Street,San Francisco,CA,94114,07/20/1999,Castro/Upper Market,"(37.7665401993589, -122.434434754493)"
100 Block of Buena Vista  Avenue East,San Francisco,CA,94117,07/14/1999,Haight Ashbury,"(37.7695893074315, -122.438646850476)"
100 Block of Buena Vista  Avenue East,San Francisco,CA,94117,07/14/1999,Haight Ashbury,"(37.7695893074315, -122.438646850476)"
100 Block of Buena Vista  Avenue East,San Francisco,CA,94117,07/14/1999,Haight Ashbury,"(37.7695893074315, -122.438646850476)"
100 Block of Buena Vista  Avenue East,San Francisco,CA,94117,07/14/1999,Haight Ashbury,"(37.7695893074315, -122.438646850476)"
200 Block of Steiner  Street,San Francisco,CA,94117,07/12/1999,Haight Ashbury,"(37.7711888016711, -122.432019613827)"
0 Block of Webster   Street,San Francisco,CA,94117,07/12/1999,Hayes Valley,"(37.7706761238405, -122.428541502614)"
200 Block of Steiner  Street,San Francisco,CA,94117,07/12/1999,Haight Ashbury,"(37.7711888016711, -122.432019613827)"
0 Block of Germania  Street,San Francisco,CA,94117,07/12/1999,Hayes Valley,"(37.7707592829824, -122.429332872814)"
0 Block of Germania  Street,San Francisco,CA,94117,07/12/1999,Hayes Valley,"(37.7707592829824, -122.429332872814)"
0 Block of Germania  Street,San Francisco,CA,94117,07/12/1999,Hayes Valley,"(37.7707592829824, -122.429332872814)"
200 Block of Steiner,San Francisco,CA,94117,07/12/1999,Haight Ashbury,"(37.7711888016711, -122.432019613827)"
0 Block of Webster  Street,San Francisco,CA,94117,07/12/1999,Hayes Valley,"(37.7706761238405, -122.428541502614)"
0 Block of Webster  Street,San Francisco,CA,94117,07/12/1999,Hayes Valley,"(37.7706761238405, -122.428541502614)"
200 Block of Steiner  Street,San Francisco,CA,94117,07/12/1999,Haight Ashbury,"(37.7711888016711, -122.432019613827)"
2600 Block of 23rd  Avenue,San Francisco,CA,94116,07/06/1999,Sunset/Parkside,"(37.7382036403618, -122.479590920645)"
5700 Block of Hancock  Street,San Francisco,CA,94114,06/28/1999,Castro/Upper Market,"(37.7603693923809, -122.429382397926)"
2100 Block of Jackson  Street,San Francisco,CA,94115,06/18/1999,Pacific Heights,"(37.7930477849195, -122.430455129511)"
2100 Block of Jackson  Street,San Francisco,CA,94115,06/18/1999,Pacific Heights,"(37.7930477849195, -122.430455129511)"
2100 Block of Jackson  Street,San Francisco,CA,94115,06/18/1999,Pacific Heights,"(37.7930477849195, -122.430455129511)"
2100 Block of Jackson  Street,San Francisco,CA,94115,06/18/1999,Pacific Heights,"(37.7930477849195, -122.430455129511)"
2100 Block of Jackson  Street,San Francisco,CA,94115,06/18/1999,Pacific Heights,"(37.7930477849195, -122.430455129511)"
2100 Block of Jackson  Street,San Francisco,CA,94115,06/18/1999,Pacific Heights,"(37.7930477849195, -122.430455129511)"
2100 Block of Jackson  Street,San Francisco,CA,94115,06/18/1999,Pacific Heights,"(37.7930477849195, -122.430455129511)"
2100 Block of Jackson  Street,San Francisco,CA,94115,06/18/1999,Pacific Heights,"(37.7930477849195, -122.430455129511)"
200 Block of Scott  Street,San Francisco,CA,94117,06/17/1999,Haight Ashbury,"(37.7719399765947, -122.435536466414)"
200 Block of Scott  Street,San Francisco,CA,94117,06/17/1999,Haight Ashbury,"(37.7719399765947, -122.435536466414)"
200 Block of Scott  Street,San Francisco,CA,94117,06/17/1999,Haight Ashbury,"(37.7719399765947, -122.435536466414)"
700 Block of Broderick  Street,San Francisco,CA,94117,06/11/1999,Western Addition,"(37.7771237364742, -122.439867181002)"
700 Block of Broderick  Street,San Francisco,CA,94117,06/11/1999,Western Addition,"(37.7771237364742, -122.439867181002)"
700 Block of Broderick  Street,San Francisco,CA,94117,06/11/1999,Western Addition,"(37.7771237364742, -122.439867181002)"
700 Block of 9th  Avenue,San Francisco,CA,94118,06/09/1999,Inner Richmond,"(37.7742900960803, -122.466949914928)"
3800 Block of Sacramento  Street,San Francisco,CA,94118,06/09/1999,Presidio Heights,"(37.7870868408197, -122.456066409071)"
700 Block of 9th  Avenue,San Francisco,CA,94118,06/09/1999,Inner Richmond,"(37.7742900960803, -122.466949914928)"
700 Block of 9th  Avenue,San Francisco,CA,94118,06/02/1999,Inner Richmond,"(37.7742900960803, -122.466949914928)"
1800 Block of McAllister  Street,San Francisco,CA,94115,06/02/1999,Lone Mountain/USF,"(37.7772146316725, -122.442488679774)"
700 Block of 9th  Avenue,San Francisco,CA,94118,06/02/1999,Inner Richmond,"(37.7742900960803, -122.466949914928)"
2400 Block of 47th  Avenue,San Francisco,CA,94114,05/21/1999,Sunset/Parkside,"(37.7407846482198, -122.505694431039)"
700 Block of 9th  Avenue,San Francisco,CA,94118,05/21/1999,Inner Richmond,"(37.7742900960803, -122.466949914928)"
700 Block of 9th  Avenue,San Francisco,CA,94118,05/21/1999,Inner Richmond,"(37.7742900960803, -122.466949914928)"
3700 Block of Cesar Chavez  Street,San Francisco,CA,94110,05/17/1999,Noe Valley,"(37.7478492010739, -122.423619315266)"
100 Block of Noe  Street,San Francisco,CA,94114,05/11/1999,Castro/Upper Market,"(37.7670576556595, -122.433439075678)"
200 Block of Willard  North,San Francisco,CA,94118,05/07/1999,Lone Mountain/USF,"(37.7759598331782, -122.456499636284)"
200 Block of Willard  North,San Francisco,CA,94118,05/07/1999,Lone Mountain/USF,"(37.7759598331782, -122.456499636284)"
1800 Block of 30th  Avenue,San Francisco,CA,94122,05/06/1999,Sunset/Parkside,"(37.7527902940813, -122.488134546387)"
0 Block of Alvarado  Street,San Francisco,CA,94110,04/30/1999,Mission,"(37.7543656270244, -122.422264373654)"
0 Block of Alvarado  Street,San Francisco,CA,94110,04/30/1999,Mission,"(37.7543656270244, -122.422264373654)"
0 Block of Alvarado  Street,San Francisco,CA,94110,04/30/1999,Mission,"(37.7543656270244, -122.422264373654)"
0 Block of Alvarado  Street,San Francisco,CA,94110,04/30/1999,Mission,"(37.7543656270244, -122.422264373654)"
200 Block of Edgewood  Avenue,San Francisco,CA,94117,04/29/1999,Inner Sunset,"(37.761928890436, -122.455047411686)"
1600 Block of Oak  Street,San Francisco,CA,94117,04/26/1999,Haight Ashbury,"(37.7719248332223, -122.446503612159)"
0 Block of Belcher  Street,San Francisco,CA,94114,04/21/1999,Castro/Upper Market,"(37.7685313597661, -122.430095414163)"
3900 Block of 19th  Street,San Francisco,CA,94114,04/20/1999,Castro/Upper Market,"(37.7595451491664, -122.431534313742)"
900 Block of Greenwich  Street,San Francisco,CA,94133,04/16/1999,Russian Hill,"(37.8015015067389, -122.415530627366)"
100 Block of Varennes  Street,San Francisco,CA,94133,04/16/1999,North Beach,"(37.8011968169242, -122.406962670251)"
900 Block of Greenwich  Street,San Francisco,CA,94133,04/16/1999,Russian Hill,"(37.8015015067389, -122.415530627366)"
100 Block of Varennes  Street,San Francisco,CA,94133,04/16/1999,North Beach,"(37.8011968169242, -122.406962670251)"
100 Block of Varennes  Street,San Francisco,CA,94133,04/16/1999,North Beach,"(37.8011968169242, -122.406962670251)"
1200 Block of Noe  Street,San Francisco,CA,94114,04/16/1999,Noe Valley,"(37.7486244109037, -122.4316699906)"
2000 Block of Mariposa  Street,San Francisco,CA,94107,04/13/1999,Potrero Hill,"(37.7634681999451, -122.403897853893)"
100 Block of Corbett  Avenue,San Francisco,CA,94114,04/06/1999,Castro/Upper Market,"(37.7617293352757, -122.441959303136)"
100 Block of Corbett  Avenue,San Francisco,CA,94114,04/06/1999,Castro/Upper Market,"(37.7617293352757, -122.441959303136)"
2200 Block of Vallejo  Street,San Francisco,CA,94123,04/01/1999,Marina,"(37.7953847413528, -122.434302143375)"
2200 Block of Vallejo  Street,San Francisco,CA,94123,04/01/1999,Marina,"(37.7953847413528, -122.434302143375)"
2200 Block of Vallejo  Street,San Francisco,CA,94123,04/01/1999,Marina,"(37.7953847413528, -122.434302143375)"
2200 Block of Vallejo  Street,San Francisco,CA,94123,04/01/1999,Marina,"(37.7953847413528, -122.434302143375)"
2200 Block of Vallejo  Street,San Francisco,CA,94123,04/01/1999,Marina,"(37.7953847413528, -122.434302143375)"
2200 Block of Vallejo  Street,San Francisco,CA,94123,03/23/1999,Marina,"(37.7953847413528, -122.434302143375)"
2200 Block of Vallejo  Street,San Francisco,CA,94123,03/23/1999,Marina,"(37.7953847413528, -122.434302143375)"
2200 Block of Vallejo  Street,San Francisco,CA,94123,03/23/1999,Marina,"(37.7953847413528, -122.434302143375)"
2200 Block of Vallejo  Street,San Francisco,CA,94123,03/22/1999,Marina,"(37.7953847413528, -122.434302143375)"
900 Block of San Jose  Avenue,San Francisco,CA,94110,03/22/1999,Glen Park,"(37.7400945991365, -122.424281005815)"
2200 Block of Vallejo  Street,San Francisco,CA,94123,03/22/1999,Marina,"(37.7953847413528, -122.434302143375)"
3900 Block of 19th  Street,San Francisco,CA,94114,03/19/1999,Castro/Upper Market,"(37.7595451491664, -122.431534313742)"
414 OFARRELL ST,San Francisco,CA,94102,03/12/1999,,"(2114304.39293721, 6009250.96115544)"
1000 Block of Ross  Alley,San Francisco,CA,94108,03/02/1999,Chinatown,"(37.7954933197484, -122.407280949955)"
1900 Block of McAllister  Street,San Francisco,CA,94115,03/02/1999,Lone Mountain/USF,"(37.7771153094141, -122.444154655275)"
300 Block of Lyon  Street,San Francisco,CA,94117,03/02/1999,Lone Mountain/USF,"(37.7738827776805, -122.442728169969)"
1200 Block of Ross  Alley,San Francisco,CA,94108,03/02/1999,Chinatown,"(37.7954933197484, -122.407280949955)"
100 Block of Cortland  Avenue,San Francisco,CA,94110,03/02/1999,Bernal Heights,"(37.7401515984119, -122.420534171983)"
335200 Block of Clay  Street,San Francisco,CA,94118,03/01/1999,Presidio Heights,"(37.7890181851965, -122.448002858015)"
335200 Block of Clay   Street,San Francisco,CA,94118,03/01/1999,Presidio Heights,"(37.7890181851965, -122.448002858015)"
335200 Block of Clay  Street,San Francisco,CA,94118,03/01/1999,Presidio Heights,"(37.7890181851965, -122.448002858015)"
335200 Block of Clay  Street,San Francisco,CA,94118,03/01/1999,Presidio Heights,"(37.7890181851965, -122.448002858015)"
335200 Block of Clay  Street,San Francisco,CA,94118,03/01/1999,Presidio Heights,"(37.7890181851965, -122.448002858015)"
335200 Block of Clay  Street,San Francisco,CA,94118,03/01/1999,Presidio Heights,"(37.7890181851965, -122.448002858015)"
100 Block of Cortland  Avenue,San Francisco,CA,94110,02/26/1999,Bernal Heights,"(37.7401515984119, -122.420534171983)"
100 Block of Cortland  Avenue,San Francisco,CA,94110,02/26/1999,Bernal Heights,"(37.7401515984119, -122.420534171983)"
3900 Block of Washington  Street,San Francisco,CA,94118,02/24/1999,Presidio Heights,"(37.7884881834951, -122.458299803867)"
3000 Block of Fillmore  Street,San Francisco,CA,94123,02/16/1999,Marina,"(37.7975637585854, -122.435515673599)"
0 Block of Alvarado  Street,San Francisco,CA,94110,02/12/1999,Mission,"(37.7543656270244, -122.422264373654)"
0 Block of Alvarado  Street,San Francisco,CA,94110,02/12/1999,Mission,"(37.7543656270244, -122.422264373654)"
500 Block of Brunswick  Street,San Francisco,CA,94112,02/11/1999,Excelsior,"(37.7101335001286, -122.444392030055)"
3400 Block of 16th  Street,San Francisco,CA,94114,02/10/1999,Castro/Upper Market,"(37.7643754790368, -122.42993900274)"
19001900 Block of 18th   Street,San Francisco,CA,94107,02/10/1999,Potrero Hill,"(37.7623144519855, -122.401830819219)"
1900 Block of 18th  Street,San Francisco,CA,94107,02/10/1999,Potrero Hill,"(37.7623144519855, -122.401830819219)"
1900 Block of 18th   Street,San Francisco,CA,94107,02/10/1999,Potrero Hill,"(37.7623144519855, -122.401830819219)"
500 Block of De Haro  Street,San Francisco,CA,94107,02/10/1999,Potrero Hill,"(37.7629240830604, -122.401455182639)"
0 Block of Belcher  Street,San Francisco,CA,94114,02/08/1999,Castro/Upper Market,"(37.7685313597661, -122.430095414163)"
0 Block of Alvarado  Street,San Francisco,CA,94110,02/08/1999,Mission,"(37.7543656270244, -122.422264373654)"
0 Block of Alvarado  Street,San Francisco,CA,94110,02/08/1999,Mission,"(37.7543656270244, -122.422264373654)"
2700 Block of Bryant  Street,San Francisco,CA,94110,02/05/1999,Mission,"(37.7504048656551, -122.408832584317)"
2700 Block of Bryant   Street,San Francisco,CA,94110,02/05/1999,Mission,"(37.7504048656551, -122.408832584317)"
2700 Block of Bryant  Street,San Francisco,CA,94110,02/05/1999,Mission,"(37.7504048656551, -122.408832584317)"
300 Block of Filbert  Street,San Francisco,CA,94133,02/05/1999,North Beach,"(37.8018162419478, -122.405171074604)"
1800 Block of 30th  Avenue,San Francisco,CA,94122,02/05/1999,Sunset/Parkside,"(37.7527902940813, -122.488134546387)"
2700 Block of Bryant  Street,San Francisco,CA,94110,02/05/1999,Mission,"(37.7504048656551, -122.408832584317)"
500 Block of Brunswick  Street,San Francisco,CA,94112,02/04/1999,Excelsior,"(37.7101335001286, -122.444392030055)"
400 Block of Vallejo  Street,San Francisco,CA,94133,02/02/1999,North Beach,"(37.7991895196617, -122.404353886828)"
400 Block of Vallejo  Street,San Francisco,CA,94133,02/02/1999,North Beach,"(37.7991895196617, -122.404353886828)"
400 Block of Vallejo  Street,San Francisco,CA,94133,02/02/1999,North Beach,"(37.7991895196617, -122.404353886828)"
200 Block of Carl  Street,San Francisco,CA,94117,02/01/1999,Inner Sunset,"(37.7652836625258, -122.453570243743)"
700 Block of Chestnut  Street,San Francisco,CA,94133,01/28/1999,Russian Hill,"(37.8034994678559, -122.415704042857)"
0 Block of Broderick  Street,San Francisco,CA,94117,01/28/1999,Haight Ashbury,"(37.7705824740851, -122.438681226006)"
0 Block of Broderick  Street,San Francisco,CA,94117,01/28/1999,Haight Ashbury,"(37.7705824740851, -122.438681226006)"
4600 Block of 18th  Street,San Francisco,CA,94114,01/25/1999,Castro/Upper Market,"(37.7603777139178, -122.442463893787)"
300 Block of Noriega  Street,San Francisco,CA,94122,01/25/1999,Inner Sunset,"(37.7547020077889, -122.467269619461)"
100 Block of Otsego  Avenue,San Francisco,CA,94112,01/25/1999,Outer Mission,"(37.7253188469688, -122.439949294636)"
300 Block of Noriega  Street,San Francisco,CA,94110,01/25/1999,Inner Sunset,"(37.7547020077889, -122.467269619461)"
900 Block of San Jose  Avenue,San Francisco,CA,94110,01/25/1999,Glen Park,"(37.7400945991365, -122.424281005815)"
4600 Block of 18th  Street,San Francisco,CA,94114,01/25/1999,Castro/Upper Market,"(37.7603777139178, -122.442463893787)"
1400 Block of Jefferson  Street,San Francisco,CA,94123,01/25/1999,Marina,"(37.8056338706364, -122.43641936884)"
900 Block of San Jose  Avenue,San Francisco,CA,94110,01/25/1999,Glen Park,"(37.7400945991365, -122.424281005815)"
1100 Block of Stanyan  Street,San Francisco,CA,94117,01/21/1999,Inner Sunset,"(37.7632473351873, -122.452384782973)"
300 Block of Sanchez  Street,San Francisco,CA,94114,01/15/1999,Castro/Upper Market,"(37.7635589216847, -122.430873427443)"
700 Block of Broderick  Street,San Francisco,CA,94117,01/15/1999,Western Addition,"(37.7771070365516, -122.440003974402)"
700 Block of Broderick  Street,San Francisco,CA,94117,01/15/1999,Western Addition,"(37.7771070365516, -122.440003974402)"
300 Block of Sanchez  Street,San Francisco,CA,94114,01/15/1999,Castro/Upper Market,"(37.7635589216847, -122.430873427443)"
300 Block of Sanchez  Street,San Francisco,CA,94114,01/15/1999,Castro/Upper Market,"(37.7635589216847, -122.430873427443)"
300 Block of Sanchez  Street,San Francisco,CA,94114,01/15/1999,Castro/Upper Market,"(37.7635589216847, -122.430873427443)"
3000 Block of Steiner  Street,San Francisco,CA,94123,01/11/1999,Marina,"(37.7973366977828, -122.437300279613)"
0 Block of Guttenberg  Street,San Francisco,CA,94112,01/07/1999,Excelsior,"(37.712254312644, -122.444268711232)"
3400 Block of Mission  Street,San Francisco,CA,94110,01/05/1999,Bernal Heights,"(37.7419539281889, -122.422163595829)"
3300 Block of Mission  Street,San Francisco,CA,94110,01/05/1999,Bernal Heights,"(37.743555054551, -122.421128029103)"
500 Block of 19TH  STREET,San Francisco,CA,94121,12/30/1998,Potrero Hill,"(37.7617416945944, -122.38818176366)"
1100 Block of FLORIDA  STREET,San Francisco,CA,94110,12/29/1998,Mission,"(37.753535652312, -122.410212145376)"
3900 Block of 19th  Street,San Francisco,CA,94114,12/11/1998,Castro/Upper Market,"(37.7594356130011, -122.431523798687)"
2500 Block of 34th  Avenue,San Francisco,CA,94116,11/23/1998,Sunset/Parkside,"(37.7395410665056, -122.491637791999)"
100 Block of Varennes  Street,San Francisco,CA,94133,11/20/1998,North Beach,"(37.8011968169242, -122.406962670251)"
400 Block of Taylor  Streeet,San Francisco,CA,94102,11/09/1998,Tenderloin,"(37.7864592941319, -122.411489015845)"
1200 Block of Vermont  Street,San Francisco,CA,94110,11/09/1998,Mission,"(37.7538120923721, -122.403533351484)"
1200 Block of Vermont  Street,San Francisco,CA,94110,11/09/1998,Mission,"(37.7538120923721, -122.403533351484)"
1200 Block of Vermont  Street,San Francisco,CA,94110,11/09/1998,Mission,"(37.7538120923721, -122.403533351484)"
600 Block of Belvedere  Street,San Francisco,CA,94117,10/21/1998,Inner Sunset,"(37.7613379967286, -122.44763422366)"
300 Block of Liberty  Street,San Francisco,CA,94114,10/21/1998,Castro/Upper Market,"(37.7573224532734, -122.429051968676)"
300 Block of Liberty  Street,San Francisco,CA,94114,10/21/1998,Castro/Upper Market,"(37.7573224532734, -122.429051968676)"
600 Block of Belvedere  Street,San Francisco,CA,94117,10/21/1998,Inner Sunset,"(37.7613379967286, -122.44763422366)"
300 Block of Liberty  Street,San Francisco,CA,94114,10/21/1998,Castro/Upper Market,"(37.7573224532734, -122.429051968676)"
500 Block of Elizabeth   Street,San Francisco,CA,94114,10/20/1998,Noe Valley,"(37.7522136906403, -122.433060030191)"
500 Block of Elizabeth  Street,San Francisco,CA,94114,10/20/1998,Noe Valley,"(37.7522136906403, -122.433060030191)"
3000 Block of Steiner  Street,San Francisco,CA,94123,10/16/1998,Marina,"(37.7973366977828, -122.437300279613)"
2000 Block of Jones  Street,San Francisco,CA,94133,10/14/1998,Russian Hill,"(37.8000902533597, -122.415784027085)"
2000 Block of Jones  Street,San Francisco,CA,94133,10/14/1998,Russian Hill,"(37.8000902533597, -122.415784027085)"
0 Block of Rico  Way,San Francisco,CA,94123,10/14/1998,Marina,"(37.8049162174216, -122.439357684167)"
2000 Block of Jones  Street,San Francisco,CA,94133,10/14/1998,Russian Hill,"(37.8000902533597, -122.415784027085)"
100 Block of Santa Ynez  Avenue,San Francisco,CA,94112,10/08/1998,Outer Mission,"(37.7250764175124, -122.440929072269)"
200 Block of Edgewood  Avenue,San Francisco,CA,94117,10/08/1998,Inner Sunset,"(37.761928890436, -122.455047411686)"
3900 Block of 18th  Street,San Francisco,CA,94114,10/05/1998,Castro/Upper Market,"(37.7610336313575, -122.431678286164)"
3900 Block of 18th  Street,San Francisco,CA,94114,10/05/1998,Castro/Upper Market,"(37.7610336313575, -122.431678286164)"
1600 Block of Clay  Street,San Francisco,CA,94109,10/01/1998,Nob Hill,"(37.7924339343535, -122.420216385905)"
100 Block of Divisadero  Street,San Francisco,CA,94117,10/01/1998,Haight Ashbury,"(37.7696634794314, -122.436786988525)"
700 Block of Clementina  Street,San Francisco,CA,94103,09/28/1998,South of Market,"(37.7747750240622, -122.411341677085)"
100 Block of Varennes  Street,San Francisco,CA,94133,09/25/1998,North Beach,"(37.8011968169242, -122.406962670251)"
300 Block of Scott  Street,San Francisco,CA,94117,09/25/1998,Haight Ashbury,"(37.7728905515747, -122.435589091202)"
300 Block of Scott  Street,San Francisco,CA,94117,09/25/1998,Haight Ashbury,"(37.7728905515747, -122.435589091202)"
300 Block of Scott  Street,San Francisco,CA,94117,09/25/1998,Haight Ashbury,"(37.7728905515747, -122.435589091202)"
1700 Block of Grant  Avenue,San Francisco,CA,94133,09/21/1998,North Beach,"(37.8029826272631, -122.407983637518)"
1500 Block of Grant  Avenue,San Francisco,CA,94133,09/18/1998,North Beach,"(37.8012654564284, -122.407639154622)"
0 Block of Ford  Street,San Francisco,CA,94114,09/18/1998,Castro/Upper Market,"(37.7618326995889, -122.431755549514)"
0 Block of Ford  Street,San Francisco,CA,94114,09/18/1998,Castro/Upper Market,"(37.7618326995889, -122.431755549514)"
100 Block of Varennes  Street,San Francisco,CA,94133,09/16/1998,North Beach,"(37.8011968169242, -122.406962670251)"
100 Block of Octavia  Street,San Francisco,CA,94102,09/16/1998,Hayes Valley,"(37.7731304182296, -122.42402552084)"
100 Block of Varennes  Street,San Francisco,CA,94133,09/16/1998,North Beach,"(37.8011968169242, -122.406962670251)"
100 Block of Varennes  Street,San Francisco,CA,94133,09/16/1998,North Beach,"(37.8011968169242, -122.406962670251)"
,San Francisco,CA,,09/16/1998,,
100 Block of Varennes  Street,San Francisco,CA,94133,09/16/1998,North Beach,"(37.8011968169242, -122.406962670251)"
100 Block of Varennes  Street,San Francisco,CA,94133,09/16/1998,North Beach,"(37.8011968169242, -122.406962670251)"
100 Block of Varennes  Street,San Francisco,CA,94133,09/16/1998,North Beach,"(37.8011968169242, -122.406962670251)"
100 Block of Octavia  Street,San Francisco,CA,94102,09/16/1998,Hayes Valley,"(37.7731304182296, -122.42402552084)"
500 Block of Cambridge  Street,San Francisco,CA,94134,09/15/1998,Portola,"(37.7246356969212, -122.4175920212)"
500 Block of Cambridge  Street,San Francisco,CA,94134,09/15/1998,Portola,"(37.7246356969212, -122.4175920212)"
500 Block of Cambridge  Street,San Francisco,CA,94134,09/15/1998,Portola,"(37.7246356969212, -122.4175920212)"
500 Block of Cambridge  Street,San Francisco,CA,94134,09/15/1998,Portola,"(37.7246356969212, -122.4175920212)"
500 Block of Cambridge  Street,San Francisco,CA,94134,09/15/1998,Portola,"(37.7246356969212, -122.4175920212)"
500 Block of Cambridge  Street,San Francisco,CA,94134,09/15/1998,Portola,"(37.7246356969212, -122.4175920212)"
500 Block of Cambridge  Street,San Francisco,CA,94134,09/15/1998,Portola,"(37.7246356969212, -122.4175920212)"
500 Block of Cambridge  Street,San Francisco,CA,94134,09/15/1998,Portola,"(37.7246356969212, -122.4175920212)"
500 Block of Cambridge  Street,San Francisco,CA,94134,09/15/1998,Portola,"(37.7246356969212, -122.4175920212)"
500 Block of Cambridge  Street,San Francisco,CA,94134,09/15/1998,Portola,"(37.7246356969212, -122.4175920212)"
500 Block of Cambridge  Street,San Francisco,CA,94134,09/15/1998,Portola,"(37.7246356969212, -122.4175920212)"
500 Block of Cambridge  Street,San Francisco,CA,94134,09/15/1998,Portola,"(37.7246356969212, -122.4175920212)"
500 Block of Cambridge  Street,San Francisco,CA,94134,09/15/1998,Portola,"(37.7246356969212, -122.4175920212)"
500 Block of Cambridge  Street,San Francisco,CA,94134,09/15/1998,Portola,"(37.7246356969212, -122.4175920212)"
500 Block of Cambridge  Street,San Francisco,CA,94134,09/15/1998,Portola,"(37.7246356969212, -122.4175920212)"
500 Block of Cambridge  Street,San Francisco,CA,94134,09/15/1998,Portola,"(37.7246356969212, -122.4175920212)"
500 Block of Cambridge  Street,San Francisco,CA,94134,09/15/1998,Portola,"(37.7246356969212, -122.4175920212)"
500 Block of Cambridge  Street,San Francisco,CA,94134,09/15/1998,Portola,"(37.7246356969212, -122.4175920212)"
500 Block of Cambridge  Street,San Francisco,CA,94134,09/15/1998,Portola,"(37.7246356969212, -122.4175920212)"
500 Block of Cambridge  Street,San Francisco,CA,94134,09/15/1998,Portola,"(37.7246356969212, -122.4175920212)"
500 Block of Cambridge  Street,San Francisco,CA,94134,09/15/1998,Portola,"(37.7246356969212, -122.4175920212)"
1700 Block of Grant  Avenue,San Francisco,CA,94133,09/15/1998,North Beach,"(37.8029826272631, -122.407983637518)"
500 Block of Cambridge  Street,San Francisco,CA,94134,09/15/1998,Portola,"(37.7246356969212, -122.4175920212)"
500 Block of Cambridge  Street,San Francisco,CA,94134,09/15/1998,Portola,"(37.7246356969212, -122.4175920212)"
500 Block of Cambridge  Street,San Francisco,CA,94134,09/15/1998,Portola,"(37.7246356969212, -122.4175920212)"
1700 Block of Grant  Avenue,San Francisco,CA,94133,09/15/1998,North Beach,"(37.8029826272631, -122.407983637518)"
500 Block of Cambridge  Street,San Francisco,CA,94134,09/15/1998,Portola,"(37.7246356969212, -122.4175920212)"
500 Block of Cambridge  Street,San Francisco,CA,94134,09/15/1998,Portola,"(37.7246356969212, -122.4175920212)"
500 Block of Cabridge  Street,San Francisco,CA,94134,09/15/1998,Portola,"(37.7246356969212, -122.4175920212)"
500 Block of Cambridge  Street,San Francisco,CA,94134,09/15/1998,Portola,"(37.7246356969212, -122.4175920212)"
500 Block of Cambridge  Street,San Francisco,CA,94134,09/15/1998,Portola,"(37.7246356969212, -122.4175920212)"
1500 Block of Grant  Avenue,San Francisco,CA,94133,09/11/1998,North Beach,"(37.8012654564284, -122.407639154622)"
800 Block of Guerrero  Street,San Francisco,CA,94110,08/27/1998,Mission,"(37.7579622839983, -122.423559852269)"
900 Block of Greenwich  Street,San Francisco,CA,94133,08/26/1998,Russian Hill,"(37.8015015067389, -122.415530627366)"
900 Block of Greenwich,San Francisco,CA,94133,08/26/1998,Russian Hill,"(37.8015015067389, -122.415530627366)"
900 Block of Greenwich  Street,San Francisco,CA,94133,08/26/1998,Russian Hill,"(37.8015015067389, -122.415530627366)"
1400 Block of Montgomery  Street,San Francisco,CA,94133,08/21/1998,North Beach,"(37.8024151919384, -122.404830186756)"
1400 Block of Montgomery  Street,San Francisco,CA,94133,08/21/1998,North Beach,"(37.8024151919384, -122.404830186756)"
1400 Block of Montgomery  Street,San Francisco,CA,94133,08/21/1998,North Beach,"(37.8024151919384, -122.404830186756)"
140300 Block of Montgomery  Street,San Francisco,CA,94133,08/21/1998,North Beach,"(37.8024151919384, -122.404830186756)"
300 Block of Guerrero  Street,San Francisco,CA,94103,08/17/1998,Mission,"(37.7656013079602, -122.424063077234)"
1400 Block of 21st  Avenue,San Francisco,CA,94122,07/20/1998,Sunset/Parkside,"(37.7606686218259, -122.479139843008)"
4100 Block of Anza  Street,San Francisco,CA,94121,07/02/1998,Outer Richmond,"(37.7778531849795, -122.492635285402)"
2300 Block of Washington  Street,San Francisco,CA,94115,04/22/1998,Pacific Heights,"(37.7919582937779, -122.431926690478)"
2300 Block of Washington  Street,San Francisco,CA,94115,04/15/1998,Pacific Heights,"(37.7919582937779, -122.431926690478)"
2300 Block of Washington  Street,San Francisco,CA,94115,04/15/1998,Pacific Heights,"(37.7919582937779, -122.431926690478)"
2300 Block of Washington  Street,San Francisco,CA,94115,04/10/1998,Pacific Heights,"(37.7919582937779, -122.431926690478)"
2300 Block of Washinton  Street,San Francisco,CA,,04/10/1998,Pacific Heights,"(37.7919582937779, -122.431926690478)"
2300 Block of Washington  Street,San Francisco,CA,94115,04/10/1998,Pacific Heights,"(37.7919582937779, -122.431926690478)"
2300 Block of Washington  Street,San Francisco,CA,94115,04/10/1998,Pacific Heights,"(37.7919582937779, -122.431926690478)"
2300 Block of Washington  Street,San Francisco,CA,94115,04/10/1998,Pacific Heights,"(37.7919582937779, -122.431926690478)"
2500 Block of 22nd  Avenue,San Francisco,CA,94116,10/09/1997,Sunset/Parkside,"(37.7401099836532, -122.478778432367)"
1200 Block of Lombard  Street,San Francisco,CA,,09/18/1997,Russian Hill,"(37.8016039467203, -122.422069171932)"
1200 Block of Lombard  Street,San Francisco,CA,,09/18/1997,Russian Hill,"(37.8016039467203, -122.422069171932)"
1200 Block of Lombard  Street,San Francisco,CA,,09/18/1997,Russian Hill,"(37.8016039467203, -122.422069171932)"
100 Block of SHOTWELL  Street,SAN FRANCISCO,CA,,05/22/1997,Mission,"(37.7660561687436, -122.416537007549)"
100 Block of SHOTWELL  Street,SAN FRANCISCO,CA,,05/22/1997,Mission,"(37.7660561687436, -122.416537007549)"
